comparison	O1MA	O2MA	N_generation	N_pSTR	motif_length	mutation	N_mutaiton	mutation_rate
Ancestor-O1MA	MA502	NA	233	20430	Motif sizes 1-6	deletions	58	6.09219379898701e-06
Ancestor-O1MA	MA502	NA	233	20430	Motif sizes 1-6	insertions	58	6.09219379898701e-06
Ancestor-O1MA	MA502	NA	233	20430	Motif sizes 1-6	substitutions	415	4.35906970099933e-05
Ancestor-O1MA	MA503	NA	230	20159	Motif sizes 1-6	deletions	61	6.57813858089061e-06
Ancestor-O1MA	MA503	NA	230	20159	Motif sizes 1-6	insertions	46	4.96056352001587e-06
Ancestor-O1MA	MA503	NA	230	20159	Motif sizes 1-6	substitutions	398	4.29196582818765e-05
Ancestor-O1MA	MA504	NA	212	21579	Motif sizes 1-6	deletions	86	9.39942484263614e-06
Ancestor-O1MA	MA504	NA	212	21579	Motif sizes 1-6	insertions	28	3.060277855742e-06
Ancestor-O1MA	MA504	NA	212	21579	Motif sizes 1-6	substitutions	672	7.3446668537808e-05
Ancestor-O1MA	MA508	NA	214	21311	Motif sizes 1-6	deletions	112	1.22792099380909e-05
Ancestor-O1MA	MA508	NA	214	21311	Motif sizes 1-6	insertions	40	4.38543212074673e-06
Ancestor-O1MA	MA508	NA	214	21311	Motif sizes 1-6	substitutions	602	6.60007534172383e-05
Ancestor-O1MA	MA509	NA	225	19770	Motif sizes 1-6	deletions	46	5.17057269712808e-06
Ancestor-O1MA	MA509	NA	225	19770	Motif sizes 1-6	insertions	52	5.84499522284044e-06
Ancestor-O1MA	MA509	NA	225	19770	Motif sizes 1-6	substitutions	428	4.81088068341483e-05
Ancestor-O1MA	MA511	NA	209	18589	Motif sizes 1-6	deletions	32	4.11829705328124e-06
Ancestor-O1MA	MA511	NA	209	18589	Motif sizes 1-6	insertions	40	5.14787131660155e-06
Ancestor-O1MA	MA511	NA	209	18589	Motif sizes 1-6	substitutions	360	4.6330841849414e-05
Ancestor-O1MA	MA514	NA	225	20285	Motif sizes 1-6	deletions	53	5.80615123380714e-06
Ancestor-O1MA	MA514	NA	225	20285	Motif sizes 1-6	insertions	57	6.24435132692466e-06
Ancestor-O1MA	MA514	NA	225	20285	Motif sizes 1-6	substitutions	422	4.62301098238983e-05
Ancestor-O1MA	MA516	NA	156	20481	Motif sizes 1-6	deletions	57	8.92008728540148e-06
Ancestor-O1MA	MA516	NA	156	20481	Motif sizes 1-6	insertions	34	5.32075381936229e-06
Ancestor-O1MA	MA516	NA	156	20481	Motif sizes 1-6	substitutions	330	5.16426105996928e-05
Ancestor-O1MA	MA522	NA	234	20712	Motif sizes 1-6	deletions	102	1.05228233849323e-05
Ancestor-O1MA	MA522	NA	234	20712	Motif sizes 1-6	insertions	54	5.57090649790534e-06
Ancestor-O1MA	MA522	NA	234	20712	Motif sizes 1-6	substitutions	510	5.26141169246615e-05
Ancestor-O1MA	MA525	NA	208	20496	Motif sizes 1-6	deletions	68	7.97528973758482e-06
Ancestor-O1MA	MA525	NA	208	20496	Motif sizes 1-6	insertions	39	4.57406323185012e-06
Ancestor-O1MA	MA525	NA	208	20496	Motif sizes 1-6	substitutions	395	4.63270506815589e-05
Ancestor-O1MA	MA529	NA	227	20505	Motif sizes 1-6	deletions	73	7.8416460152085e-06
Ancestor-O1MA	MA529	NA	227	20505	Motif sizes 1-6	insertions	69	7.41196678149844e-06
Ancestor-O1MA	MA529	NA	227	20505	Motif sizes 1-6	substitutions	360	3.86711310339049e-05
Ancestor-O1MA	MA530	NA	233	20357	Motif sizes 1-6	deletions	46	4.84906648091228e-06
Ancestor-O1MA	MA530	NA	233	20357	Motif sizes 1-6	insertions	30	3.16243466146453e-06
Ancestor-O1MA	MA530	NA	233	20357	Motif sizes 1-6	substitutions	246	2.59319642240092e-05
Ancestor-O1MA	MA537	NA	243	20789	Motif sizes 1-6	deletions	104	1.02935095265441e-05
Ancestor-O1MA	MA537	NA	243	20789	Motif sizes 1-6	insertions	61	6.03753924153067e-06
Ancestor-O1MA	MA537	NA	243	20789	Motif sizes 1-6	substitutions	522	5.16654997390001e-05
Ancestor-O1MA	MA547	NA	242	21256	Motif sizes 1-6	deletions	112	1.08865712588298e-05
Ancestor-O1MA	MA547	NA	242	21256	Motif sizes 1-6	insertions	21	2.04123211103059e-06
Ancestor-O1MA	MA547	NA	242	21256	Motif sizes 1-6	substitutions	653	6.34725985001415e-05
Ancestor-O1MA	MA548	NA	168	20312	Motif sizes 1-6	deletions	45	6.59356889664097e-06
Ancestor-O1MA	MA548	NA	168	20312	Motif sizes 1-6	insertions	38	5.56790262383015e-06
Ancestor-O1MA	MA548	NA	168	20312	Motif sizes 1-6	substitutions	379	5.55325024850429e-05
Ancestor-O1MA	MA550	NA	227	21129	Motif sizes 1-6	deletions	86	8.96527581879551e-06
Ancestor-O1MA	MA550	NA	227	21129	Motif sizes 1-6	insertions	29	3.02317440401244e-06
Ancestor-O1MA	MA550	NA	227	21129	Motif sizes 1-6	substitutions	597	6.22356937653595e-05
Ancestor-O1MA	MA552	NA	231	20300	Motif sizes 1-6	deletions	49	5.22466039707419e-06
Ancestor-O1MA	MA552	NA	231	20300	Motif sizes 1-6	insertions	46	4.90478322990638e-06
Ancestor-O1MA	MA552	NA	231	20300	Motif sizes 1-6	substitutions	392	4.17972831765935e-05
Ancestor-O1MA	MA555	NA	229	20396	Motif sizes 1-6	deletions	59	6.31599140511326e-06
Ancestor-O1MA	MA555	NA	229	20396	Motif sizes 1-6	insertions	49	5.24548438729745e-06
Ancestor-O1MA	MA555	NA	229	20396	Motif sizes 1-6	substitutions	385	4.12145201859085e-05
Ancestor-O1MA	MA556	NA	238	20470	Motif sizes 1-6	deletions	54	5.54203117495166e-06
Ancestor-O1MA	MA556	NA	238	20470	Motif sizes 1-6	insertions	47	4.82361972634682e-06
Ancestor-O1MA	MA556	NA	238	20470	Motif sizes 1-6	substitutions	422	4.33099473301778e-05
Ancestor-O1MA	MA558	NA	220	20485	Motif sizes 1-6	deletions	54	5.99107994763352e-06
Ancestor-O1MA	MA558	NA	220	20485	Motif sizes 1-6	insertions	46	5.10351254798411e-06
Ancestor-O1MA	MA558	NA	220	20485	Motif sizes 1-6	substitutions	330	3.66121552355382e-05
Ancestor-O1MA	MA563	NA	221	20398	Motif sizes 1-6	deletions	53	5.87849310042374e-06
Ancestor-O1MA	MA563	NA	221	20398	Motif sizes 1-6	insertions	34	3.77110878140391e-06
Ancestor-O1MA	MA563	NA	221	20398	Motif sizes 1-6	substitutions	322	3.57146184591782e-05
Ancestor-O1MA	MA566	NA	242	20434	Motif sizes 1-6	deletions	115	1.16278411365921e-05
Ancestor-O1MA	MA566	NA	242	20434	Motif sizes 1-6	insertions	43	4.34780146846489e-06
Ancestor-O1MA	MA566	NA	242	20434	Motif sizes 1-6	substitutions	490	4.95447144080883e-05
Ancestor-O1MA	MA569	NA	226	20468	Motif sizes 1-6	deletions	51	5.51259812424661e-06
Ancestor-O1MA	MA569	NA	226	20468	Motif sizes 1-6	insertions	33	3.56697525686545e-06
Ancestor-O1MA	MA569	NA	226	20468	Motif sizes 1-6	substitutions	413	4.46412357904677e-05
Ancestor-O1MA	MA570	NA	229	19784	Motif sizes 1-6	deletions	72	7.94607966916056e-06
Ancestor-O1MA	MA570	NA	229	19784	Motif sizes 1-6	insertions	69	7.61499301627887e-06
Ancestor-O1MA	MA570	NA	229	19784	Motif sizes 1-6	substitutions	452	4.98837223675079e-05
Ancestor-O1MA	MA572	NA	194	19785	Motif sizes 1-6	deletions	73	9.50944300717247e-06
Ancestor-O1MA	MA572	NA	194	19785	Motif sizes 1-6	insertions	51	6.64358347076433e-06
Ancestor-O1MA	MA572	NA	194	19785	Motif sizes 1-6	substitutions	426	5.54934619322667e-05
Ancestor-O1MA	MA583	NA	243	20800	Motif sizes 1-6	deletions	98	9.69452358341247e-06
Ancestor-O1MA	MA583	NA	243	20800	Motif sizes 1-6	insertions	35	3.46232985121874e-06
Ancestor-O1MA	MA583	NA	243	20800	Motif sizes 1-6	substitutions	514	5.08467869578981e-05
Ancestor-O1MA	MA587	NA	227	19824	Motif sizes 1-6	deletions	134	1.48887300757681e-05
Ancestor-O1MA	MA587	NA	227	19824	Motif sizes 1-6	insertions	65	7.22214518600691e-06
Ancestor-O1MA	MA587	NA	227	19824	Motif sizes 1-6	substitutions	421	4.6777278820137e-05
Ancestor-O1MA	MA590	NA	238	20285	Motif sizes 1-6	deletions	47	4.86761132848505e-06
Ancestor-O1MA	MA590	NA	238	20285	Motif sizes 1-6	insertions	42	4.34978033609303e-06
Ancestor-O1MA	MA590	NA	238	20285	Motif sizes 1-6	substitutions	392	4.05979498035349e-05
Ancestor-O1MA	MA592	NA	233	20286	Motif sizes 1-6	deletions	52	5.50073857993779e-06
Ancestor-O1MA	MA592	NA	233	20286	Motif sizes 1-6	insertions	54	5.71230544839694e-06
Ancestor-O1MA	MA592	NA	233	20286	Motif sizes 1-6	substitutions	406	4.29480742972066e-05
Ancestor-O1MA	MA595	NA	232	18815	Motif sizes 1-6	deletions	58	6.6436353972894e-06
Ancestor-O1MA	MA595	NA	232	18815	Motif sizes 1-6	insertions	48	5.4981810184464e-06
Ancestor-O1MA	MA595	NA	232	18815	Motif sizes 1-6	substitutions	359	4.11218122004637e-05
O1MA-O2MA	MA522	MA522.04	148	22593	Motif sizes 1-6	deletions	103	1.54018046728178e-05
O1MA-O2MA	MA522	MA522.04	148	22593	Motif sizes 1-6	insertions	127	1.89905746936686e-05
O1MA-O2MA	MA522	MA522.04	148	22593	Motif sizes 1-6	substitutions	54	8.0747325469142e-06
O1MA-O2MA	MA522	MA522.12	148	22869	Motif sizes 1-6	deletions	124	1.8318200136382e-05
O1MA-O2MA	MA522	MA522.12	148	22869	Motif sizes 1-6	insertions	148	2.18636582272946e-05
O1MA-O2MA	MA522	MA522.12	148	22869	Motif sizes 1-6	substitutions	41	6.05682423864242e-06
O1MA-O2MA	MA522	MA522.22	148	23764	Motif sizes 1-6	deletions	94	1.33633886369116e-05
O1MA-O2MA	MA522	MA522.22	148	23764	Motif sizes 1-6	insertions	117	1.66331539416879e-05
O1MA-O2MA	MA522	MA522.22	148	23764	Motif sizes 1-6	substitutions	30	4.26491126709945e-06
O1MA-O2MA	MA522	MA522.32	149	22941	Motif sizes 1-6	deletions	113	1.65291238774458e-05
O1MA-O2MA	MA522	MA522.32	149	22941	Motif sizes 1-6	insertions	143	2.09173868537588e-05
O1MA-O2MA	MA522	MA522.32	149	22941	Motif sizes 1-6	substitutions	42	6.14356816683825e-06
O1MA-O2MA	MA537	MA537.13	146	24147	Motif sizes 1-6	deletions	88	1.24806337438895e-05
O1MA-O2MA	MA537	MA537.13	146	24147	Motif sizes 1-6	insertions	122	1.73026967813013e-05
O1MA-O2MA	MA537	MA537.13	146	24147	Motif sizes 1-6	substitutions	33	4.68023765395854e-06
O1MA-O2MA	MA537	MA537.24	150	24105	Motif sizes 1-6	deletions	96	1.32752540966604e-05
O1MA-O2MA	MA537	MA537.24	150	24105	Motif sizes 1-6	insertions	124	1.71472032081864e-05
O1MA-O2MA	MA537	MA537.24	150	24105	Motif sizes 1-6	substitutions	31	4.2868008020466e-06
O1MA-O2MA	MA537	MA537.25	147	24286	Motif sizes 1-6	deletions	100	1.40054374710438e-05
O1MA-O2MA	MA537	MA537.25	147	24286	Motif sizes 1-6	insertions	122	1.70866337146734e-05
O1MA-O2MA	MA537	MA537.25	147	24286	Motif sizes 1-6	substitutions	26	3.64141374247138e-06
O1MA-O2MA	MA537	MA537.44	150	24392	Motif sizes 1-6	deletions	92	1.25724281185088e-05
O1MA-O2MA	MA537	MA537.44	150	24392	Motif sizes 1-6	insertions	122	1.66721329397617e-05
O1MA-O2MA	MA537	MA537.44	150	24392	Motif sizes 1-6	substitutions	30	4.09970482125287e-06
O1MA-O2MA	MA537	MA537.45	149	23304	Motif sizes 1-6	deletions	100	1.43996940353011e-05
O1MA-O2MA	MA537	MA537.45	149	23304	Motif sizes 1-6	insertions	153	2.20315318740107e-05
O1MA-O2MA	MA537	MA537.45	149	23304	Motif sizes 1-6	substitutions	48	6.91185313694455e-06
O1MA-O2MA	MA566	MA566.24	142	21260	Motif sizes 1-6	deletions	78	1.29185271554066e-05
O1MA-O2MA	MA566	MA566.24	142	21260	Motif sizes 1-6	insertions	116	1.92121685900918e-05
O1MA-O2MA	MA566	MA566.24	142	21260	Motif sizes 1-6	substitutions	34	5.63115286261312e-06
O1MA-O2MA	MA566	MA566.28	144	22649	Motif sizes 1-6	deletions	69	1.05780976349213e-05
O1MA-O2MA	MA566	MA566.28	144	22649	Motif sizes 1-6	insertions	119	1.82433857761687e-05
O1MA-O2MA	MA566	MA566.28	144	22649	Motif sizes 1-6	substitutions	40	6.13223051299788e-06
O1MA-O2MA	MA566	MA566.29	148	22655	Motif sizes 1-6	deletions	81	1.20789516066497e-05
O1MA-O2MA	MA566	MA566.29	148	22655	Motif sizes 1-6	insertions	158	2.3561411775934e-05
O1MA-O2MA	MA566	MA566.29	148	22655	Motif sizes 1-6	substitutions	46	6.85965152970229e-06
O1MA-O2MA	MA566	MA566.4	145	21591	Motif sizes 1-6	deletions	74	1.18184620347878e-05
O1MA-O2MA	MA566	MA566.4	145	21591	Motif sizes 1-6	insertions	106	1.69291483201014e-05
O1MA-O2MA	MA566	MA566.4	145	21591	Motif sizes 1-6	substitutions	51	8.14515626721862e-06
O1MA-O2MA	MA566	MA566.45	141	22809	Motif sizes 1-6	deletions	69	1.07273817819207e-05
O1MA-O2MA	MA566	MA566.45	141	22809	Motif sizes 1-6	insertions	143	2.22321100697777e-05
O1MA-O2MA	MA566	MA566.45	141	22809	Motif sizes 1-6	substitutions	40	6.21877204749027e-06
O1MA-O2MA	MA583	MA583.13	148	23916	Motif sizes 1-6	deletions	49	6.92174864277222e-06
O1MA-O2MA	MA583	MA583.13	148	23916	Motif sizes 1-6	insertions	112	1.58211397549079e-05
O1MA-O2MA	MA583	MA583.13	148	23916	Motif sizes 1-6	substitutions	45	6.3567079372398e-06
O1MA-O2MA	MA583	MA583.22	147	24115	Motif sizes 1-6	deletions	53	7.47551767959931e-06
O1MA-O2MA	MA583	MA583.22	147	24115	Motif sizes 1-6	insertions	102	1.4386845345644e-05
O1MA-O2MA	MA583	MA583.22	147	24115	Motif sizes 1-6	substitutions	43	6.06504264571265e-06
O1MA-O2MA	MA583	MA583.38	144	24105	Motif sizes 1-6	deletions	51	7.34633201963631e-06
O1MA-O2MA	MA583	MA583.38	144	24105	Motif sizes 1-6	insertions	96	1.38283896840213e-05
O1MA-O2MA	MA583	MA583.38	144	24105	Motif sizes 1-6	substitutions	39	5.61778330913365e-06
O1MA-O2MA	MA583	MA583.41	148	23615	Motif sizes 1-6	deletions	78	1.1158734427843e-05
O1MA-O2MA	MA583	MA583.41	148	23615	Motif sizes 1-6	insertions	137	1.95993155976218e-05
O1MA-O2MA	MA583	MA583.41	148	23615	Motif sizes 1-6	substitutions	36	5.15018512054294e-06
O1MA-O2MA	MA583	MA583.43	144	24103	Motif sizes 1-6	deletions	62	8.93157606014927e-06
O1MA-O2MA	MA583	MA583.43	144	24103	Motif sizes 1-6	insertions	97	1.39735948037819e-05
O1MA-O2MA	MA583	MA583.43	144	24103	Motif sizes 1-6	substitutions	38	5.47419177880116e-06
O1MA-O2MA	MA587	MA587.22	145	22657	Motif sizes 1-6	deletions	113	1.71980038139998e-05
O1MA-O2MA	MA587	MA587.22	145	22657	Motif sizes 1-6	insertions	183	2.78516344952386e-05
O1MA-O2MA	MA587	MA587.22	145	22657	Motif sizes 1-6	substitutions	61	9.28387816507953e-06
O1MA-O2MA	MA587	MA587.26	130	22276	Motif sizes 1-6	deletions	109	1.88198406011299e-05
O1MA-O2MA	MA587	MA587.26	130	22276	Motif sizes 1-6	insertions	182	3.14239540312444e-05
O1MA-O2MA	MA587	MA587.26	130	22276	Motif sizes 1-6	substitutions	55	9.49624984460682e-06
O1MA-O2MA	MA587	MA587.38	147	22137	Motif sizes 1-6	deletions	119	1.82844064128791e-05
O1MA-O2MA	MA587	MA587.38	147	22137	Motif sizes 1-6	insertions	180	2.76570853304054e-05
O1MA-O2MA	MA587	MA587.38	147	22137	Motif sizes 1-6	substitutions	56	8.60442654723723e-06
O1MA-O2MA	MA587	MA587.43	148	22620	Motif sizes 1-6	deletions	109	1.62795421416111e-05
O1MA-O2MA	MA587	MA587.43	148	22620	Motif sizes 1-6	insertions	185	2.763041556145e-05
O1MA-O2MA	MA587	MA587.43	148	22620	Motif sizes 1-6	substitutions	55	8.21444786962028e-06
O1MA-O2MA	MA587	MA587.48	147	22606	Motif sizes 1-6	deletions	115	1.73032143052744e-05
O1MA-O2MA	MA587	MA587.48	147	22606	Motif sizes 1-6	insertions	185	2.78356056215284e-05
O1MA-O2MA	MA587	MA587.48	147	22606	Motif sizes 1-6	substitutions	54	8.12498758682452e-06
O1MA-O2MA	MA504	MA504.03	145	24567	Motif sizes 1-6	deletions	69	9.6849853251418e-06
O1MA-O2MA	MA504	MA504.03	145	24567	Motif sizes 1-6	insertions	87	1.22115032360484e-05
O1MA-O2MA	MA504	MA504.03	145	24567	Motif sizes 1-6	substitutions	31	4.35122529100574e-06
O1MA-O2MA	MA504	MA504.1	143	24603	Motif sizes 1-6	deletions	60	8.52701742837092e-06
O1MA-O2MA	MA504	MA504.1	143	24603	Motif sizes 1-6	insertions	93	1.32168770139749e-05
O1MA-O2MA	MA504	MA504.1	143	24603	Motif sizes 1-6	substitutions	36	5.11621045702255e-06
O1MA-O2MA	MA504	MA504.15	147	23392	Motif sizes 1-6	deletions	95	1.38136650008841e-05
O1MA-O2MA	MA504	MA504.15	147	23392	Motif sizes 1-6	insertions	77	1.11963390007166e-05
O1MA-O2MA	MA504	MA504.15	147	23392	Motif sizes 1-6	substitutions	34	4.94383800031641e-06
O1MA-O2MA	MA504	MA504.23	146	24513	Motif sizes 1-6	deletions	84	1.17354559979077e-05
O1MA-O2MA	MA504	MA504.23	146	24513	Motif sizes 1-6	insertions	138	1.92796777108484e-05
O1MA-O2MA	MA504	MA504.23	146	24513	Motif sizes 1-6	substitutions	44	6.14714361795167e-06
O1MA-O2MA	MA504	MA504.3	143	24668	Motif sizes 1-6	deletions	78	1.10559134395684e-05
O1MA-O2MA	MA504	MA504.3	143	24668	Motif sizes 1-6	insertions	93	1.31820506394854e-05
O1MA-O2MA	MA504	MA504.3	143	24668	Motif sizes 1-6	substitutions	35	4.96098679980632e-06
O1MA-O2MA	MA508	MA508.25	139	24231	Motif sizes 1-6	deletions	76	1.12822951988787e-05
O1MA-O2MA	MA508	MA508.25	139	24231	Motif sizes 1-6	insertions	134	1.98924678506545e-05
O1MA-O2MA	MA508	MA508.25	139	24231	Motif sizes 1-6	substitutions	33	4.89889133635521e-06
O1MA-O2MA	MA508	MA508.3	146	23004	Motif sizes 1-6	deletions	108	1.60782043861342e-05
O1MA-O2MA	MA508	MA508.3	146	23004	Motif sizes 1-6	insertions	113	1.6822565700307e-05
O1MA-O2MA	MA508	MA508.3	146	23004	Motif sizes 1-6	substitutions	37	5.50827372487929e-06
O1MA-O2MA	MA508	MA508.34	139	23295	Motif sizes 1-6	deletions	103	1.59048549955914e-05
O1MA-O2MA	MA508	MA508.34	139	23295	Motif sizes 1-6	insertions	114	1.76034317426934e-05
O1MA-O2MA	MA508	MA508.34	139	23295	Motif sizes 1-6	substitutions	32	4.94131417338763e-06
O1MA-O2MA	MA508	MA508.35	136	23475	Motif sizes 1-6	deletions	100	1.56612165633026e-05
O1MA-O2MA	MA508	MA508.35	136	23475	Motif sizes 1-6	insertions	123	1.92632963728622e-05
O1MA-O2MA	MA508	MA508.35	136	23475	Motif sizes 1-6	substitutions	46	7.20415961911921e-06
O1MA-O2MA	MA508	MA508.37	136	22466	Motif sizes 1-6	deletions	116	1.89829336880305e-05
O1MA-O2MA	MA508	MA508.37	136	22466	Motif sizes 1-6	insertions	86	1.40735542859537e-05
O1MA-O2MA	MA508	MA508.37	136	22466	Motif sizes 1-6	substitutions	21	3.4365655814538e-06
O1MA-O2MA	MA547	MA547.06	142	24448	Motif sizes 1-6	deletions	67	9.64968475776123e-06
O1MA-O2MA	MA547	MA547.06	142	24448	Motif sizes 1-6	insertions	99	1.42584894181845e-05
O1MA-O2MA	MA547	MA547.06	142	24448	Motif sizes 1-6	substitutions	35	5.04088009733795e-06
O1MA-O2MA	MA547	MA547.18	143	24651	Motif sizes 1-6	deletions	60	8.51041376780698e-06
O1MA-O2MA	MA547	MA547.18	143	24651	Motif sizes 1-6	insertions	91	1.29074608811739e-05
O1MA-O2MA	MA547	MA547.18	143	24651	Motif sizes 1-6	substitutions	29	4.11336665444004e-06
O1MA-O2MA	MA547	MA547.33	142	23994	Motif sizes 1-6	deletions	91	1.33542775365203e-05
O1MA-O2MA	MA547	MA547.33	142	23994	Motif sizes 1-6	insertions	101	1.48217805625115e-05
O1MA-O2MA	MA547	MA547.33	142	23994	Motif sizes 1-6	substitutions	46	6.7505139195597e-06
O1MA-O2MA	MA547	MA547.44	142	22952	Motif sizes 1-6	deletions	108	1.65685644013962e-05
O1MA-O2MA	MA547	MA547.44	142	22952	Motif sizes 1-6	insertions	105	1.61083265013574e-05
O1MA-O2MA	MA547	MA547.44	142	22952	Motif sizes 1-6	substitutions	65	9.97182116750696e-06
O1MA-O2MA	MA550	MA550.02	138	23636	Motif sizes 1-6	deletions	74	1.13435412941693e-05
O1MA-O2MA	MA550	MA550.02	138	23636	Motif sizes 1-6	insertions	87	1.33363255755774e-05
O1MA-O2MA	MA550	MA550.02	138	23636	Motif sizes 1-6	substitutions	40	6.13164394279421e-06
O1MA-O2MA	MA550	MA550.2	142	24287	Motif sizes 1-6	deletions	49	7.10401495728602e-06
O1MA-O2MA	MA550	MA550.2	142	24287	Motif sizes 1-6	insertions	88	1.27582309436973e-05
O1MA-O2MA	MA550	MA550.2	142	24287	Motif sizes 1-6	substitutions	45	6.52409536893614e-06
O1MA-O2MA	MA550	MA550.22	136	23800	Motif sizes 1-6	deletions	71	1.09676223430549e-05
O1MA-O2MA	MA550	MA550.22	136	23800	Motif sizes 1-6	insertions	88	1.35936727632229e-05
O1MA-O2MA	MA550	MA550.22	136	23800	Motif sizes 1-6	substitutions	39	6.0244686109738e-06
O1MA-O2MA	MA550	MA550.36	138	23392	Motif sizes 1-6	deletions	84	1.30107654790936e-05
O1MA-O2MA	MA550	MA550.36	138	23392	Motif sizes 1-6	insertions	66	1.02227443050021e-05
O1MA-O2MA	MA550	MA550.36	138	23392	Motif sizes 1-6	substitutions	42	6.50538273954678e-06
O1MA-O2MA	MA550	MA550.41	138	23796	Motif sizes 1-6	deletions	67	1.02014465955793e-05
O1MA-O2MA	MA550	MA550.41	138	23796	Motif sizes 1-6	insertions	86	1.30943941376093e-05
O1MA-O2MA	MA550	MA550.41	138	23796	Motif sizes 1-6	substitutions	42	6.3949366718557e-06
Ancestor-O1MA	MA502	NA	233	20430	1	deletions	54	5.67204250250515e-06
Ancestor-O1MA	MA502	NA	233	20430	2	deletions	2	2.10075648240932e-07
Ancestor-O1MA	MA502	NA	233	20430	5	deletions	1	1.05037824120466e-07
Ancestor-O1MA	MA502	NA	233	20430	6	deletions	1	1.05037824120466e-07
Ancestor-O1MA	MA502	NA	233	20430	1	insertions	52	5.46196685426422e-06
Ancestor-O1MA	MA502	NA	233	20430	2	insertions	3	3.15113472361397e-07
Ancestor-O1MA	MA502	NA	233	20430	3	insertions	1	1.05037824120466e-07
Ancestor-O1MA	MA502	NA	233	20430	5	insertions	1	1.05037824120466e-07
Ancestor-O1MA	MA502	NA	233	20430	6	insertions	1	1.05037824120466e-07
Ancestor-O1MA	MA502	NA	233	20430	1	substitutions	410	4.3065507889391e-05
Ancestor-O1MA	MA502	NA	233	20430	2	substitutions	2	2.10075648240932e-07
Ancestor-O1MA	MA502	NA	233	20430	4	substitutions	2	2.10075648240932e-07
Ancestor-O1MA	MA502	NA	233	20430	5	substitutions	1	1.05037824120466e-07
Ancestor-O1MA	MA503	NA	230	20159	1	deletions	52	5.60759354436577e-06
Ancestor-O1MA	MA503	NA	230	20159	2	deletions	7	7.54868361741546e-07
Ancestor-O1MA	MA503	NA	230	20159	6	deletions	2	2.15676674783299e-07
Ancestor-O1MA	MA503	NA	230	20159	1	insertions	40	4.31353349566598e-06
Ancestor-O1MA	MA503	NA	230	20159	2	insertions	4	4.31353349566598e-07
Ancestor-O1MA	MA503	NA	230	20159	5	insertions	1	1.07838337391649e-07
Ancestor-O1MA	MA503	NA	230	20159	6	insertions	1	1.07838337391649e-07
Ancestor-O1MA	MA503	NA	230	20159	1	substitutions	396	4.27039816070932e-05
Ancestor-O1MA	MA503	NA	230	20159	3	substitutions	2	2.15676674783299e-07
Ancestor-O1MA	MA504	NA	212	21579	1	deletions	77	8.4157641032905e-06
Ancestor-O1MA	MA504	NA	212	21579	2	deletions	8	8.74365101640571e-07
Ancestor-O1MA	MA504	NA	212	21579	6	deletions	1	1.09295637705071e-07
Ancestor-O1MA	MA504	NA	212	21579	1	insertions	24	2.62309530492171e-06
Ancestor-O1MA	MA504	NA	212	21579	2	insertions	2	2.18591275410143e-07
Ancestor-O1MA	MA504	NA	212	21579	5	insertions	1	1.09295637705071e-07
Ancestor-O1MA	MA504	NA	212	21579	6	insertions	1	1.09295637705071e-07
Ancestor-O1MA	MA504	NA	212	21579	1	substitutions	668	7.30094859869877e-05
Ancestor-O1MA	MA504	NA	212	21579	2	substitutions	2	2.18591275410143e-07
Ancestor-O1MA	MA504	NA	212	21579	5	substitutions	1	1.09295637705071e-07
Ancestor-O1MA	MA504	NA	212	21579	6	substitutions	1	1.09295637705071e-07
Ancestor-O1MA	MA508	NA	214	21311	1	deletions	99	1.08539444988482e-05
Ancestor-O1MA	MA508	NA	214	21311	2	deletions	12	1.31562963622402e-06
Ancestor-O1MA	MA508	NA	214	21311	6	deletions	1	1.09635803018668e-07
Ancestor-O1MA	MA508	NA	214	21311	1	insertions	39	4.27579631772807e-06
Ancestor-O1MA	MA508	NA	214	21311	6	insertions	1	1.09635803018668e-07
Ancestor-O1MA	MA508	NA	214	21311	1	substitutions	597	6.5452574402145e-05
Ancestor-O1MA	MA508	NA	214	21311	2	substitutions	3	3.28907409056005e-07
Ancestor-O1MA	MA508	NA	214	21311	5	substitutions	1	1.09635803018668e-07
Ancestor-O1MA	MA508	NA	214	21311	6	substitutions	1	1.09635803018668e-07
Ancestor-O1MA	MA509	NA	225	19770	1	deletions	38	4.27134266284494e-06
Ancestor-O1MA	MA509	NA	225	19770	2	deletions	6	6.74422525712359e-07
Ancestor-O1MA	MA509	NA	225	19770	6	deletions	2	2.24807508570786e-07
Ancestor-O1MA	MA509	NA	225	19770	1	insertions	45	5.05816894284269e-06
Ancestor-O1MA	MA509	NA	225	19770	2	insertions	4	4.49615017141573e-07
Ancestor-O1MA	MA509	NA	225	19770	3	insertions	1	1.12403754285393e-07
Ancestor-O1MA	MA509	NA	225	19770	5	insertions	1	1.12403754285393e-07
Ancestor-O1MA	MA509	NA	225	19770	6	insertions	1	1.12403754285393e-07
Ancestor-O1MA	MA509	NA	225	19770	1	substitutions	419	4.70971730455797e-05
Ancestor-O1MA	MA509	NA	225	19770	2	substitutions	3	3.37211262856179e-07
Ancestor-O1MA	MA509	NA	225	19770	3	substitutions	1	1.12403754285393e-07
Ancestor-O1MA	MA509	NA	225	19770	4	substitutions	2	2.24807508570786e-07
Ancestor-O1MA	MA509	NA	225	19770	5	substitutions	1	1.12403754285393e-07
Ancestor-O1MA	MA509	NA	225	19770	6	substitutions	2	2.24807508570786e-07
Ancestor-O1MA	MA511	NA	209	18589	1	deletions	25	3.21741957287597e-06
Ancestor-O1MA	MA511	NA	209	18589	2	deletions	5	6.43483914575194e-07
Ancestor-O1MA	MA511	NA	209	18589	3	deletions	2	2.57393565830078e-07
Ancestor-O1MA	MA511	NA	209	18589	1	insertions	31	3.9896002703662e-06
Ancestor-O1MA	MA511	NA	209	18589	2	insertions	5	6.43483914575194e-07
Ancestor-O1MA	MA511	NA	209	18589	5	insertions	1	1.28696782915039e-07
Ancestor-O1MA	MA511	NA	209	18589	6	insertions	3	3.86090348745116e-07
Ancestor-O1MA	MA511	NA	209	18589	1	substitutions	355	4.56873579348388e-05
Ancestor-O1MA	MA511	NA	209	18589	2	substitutions	1	1.28696782915039e-07
Ancestor-O1MA	MA511	NA	209	18589	3	substitutions	2	2.57393565830078e-07
Ancestor-O1MA	MA511	NA	209	18589	5	substitutions	1	1.28696782915039e-07
Ancestor-O1MA	MA511	NA	209	18589	6	substitutions	1	1.28696782915039e-07
Ancestor-O1MA	MA514	NA	225	20285	1	deletions	46	5.03930107085148e-06
Ancestor-O1MA	MA514	NA	225	20285	2	deletions	4	4.3820009311752e-07
Ancestor-O1MA	MA514	NA	225	20285	6	deletions	3	3.2865006983814e-07
Ancestor-O1MA	MA514	NA	225	20285	1	insertions	47	5.14885109413086e-06
Ancestor-O1MA	MA514	NA	225	20285	2	insertions	9	9.85950209514419e-07
Ancestor-O1MA	MA514	NA	225	20285	6	insertions	1	1.0955002327938e-07
Ancestor-O1MA	MA514	NA	225	20285	1	substitutions	420	4.60110097773396e-05
Ancestor-O1MA	MA514	NA	225	20285	2	substitutions	1	1.0955002327938e-07
Ancestor-O1MA	MA514	NA	225	20285	3	substitutions	1	1.0955002327938e-07
Ancestor-O1MA	MA516	NA	156	20481	1	deletions	52	8.13762348843644e-06
Ancestor-O1MA	MA516	NA	156	20481	2	deletions	4	6.25971037572034e-07
Ancestor-O1MA	MA516	NA	156	20481	6	deletions	1	1.56492759393008e-07
Ancestor-O1MA	MA516	NA	156	20481	1	insertions	30	4.69478278179025e-06
Ancestor-O1MA	MA516	NA	156	20481	2	insertions	3	4.69478278179025e-07
Ancestor-O1MA	MA516	NA	156	20481	6	insertions	1	1.56492759393008e-07
Ancestor-O1MA	MA516	NA	156	20481	1	substitutions	328	5.13296250809068e-05
Ancestor-O1MA	MA516	NA	156	20481	2	substitutions	1	1.56492759393008e-07
Ancestor-O1MA	MA516	NA	156	20481	6	substitutions	1	1.56492759393008e-07
Ancestor-O1MA	MA522	NA	234	20712	1	deletions	84	8.66585455229719e-06
Ancestor-O1MA	MA522	NA	234	20712	2	deletions	16	1.65063896234232e-06
Ancestor-O1MA	MA522	NA	234	20712	3	deletions	1	1.03164935146395e-07
Ancestor-O1MA	MA522	NA	234	20712	6	deletions	1	1.03164935146395e-07
Ancestor-O1MA	MA522	NA	234	20712	1	insertions	49	5.05508182217336e-06
Ancestor-O1MA	MA522	NA	234	20712	2	insertions	3	3.09494805439185e-07
Ancestor-O1MA	MA522	NA	234	20712	5	insertions	1	1.03164935146395e-07
Ancestor-O1MA	MA522	NA	234	20712	6	insertions	1	1.03164935146395e-07
Ancestor-O1MA	MA522	NA	234	20712	1	substitutions	503	5.18919623786368e-05
Ancestor-O1MA	MA522	NA	234	20712	2	substitutions	3	3.09494805439185e-07
Ancestor-O1MA	MA522	NA	234	20712	5	substitutions	1	1.03164935146395e-07
Ancestor-O1MA	MA522	NA	234	20712	6	substitutions	3	3.09494805439185e-07
Ancestor-O1MA	MA525	NA	208	20496	1	deletions	61	7.15430402930403e-06
Ancestor-O1MA	MA525	NA	208	20496	2	deletions	6	7.03702035669249e-07
Ancestor-O1MA	MA525	NA	208	20496	6	deletions	1	1.17283672611541e-07
Ancestor-O1MA	MA525	NA	208	20496	1	insertions	32	3.75307752356933e-06
Ancestor-O1MA	MA525	NA	208	20496	2	insertions	4	4.69134690446166e-07
Ancestor-O1MA	MA525	NA	208	20496	3	insertions	1	1.17283672611541e-07
Ancestor-O1MA	MA525	NA	208	20496	5	insertions	1	1.17283672611541e-07
Ancestor-O1MA	MA525	NA	208	20496	6	insertions	1	1.17283672611541e-07
Ancestor-O1MA	MA525	NA	208	20496	1	substitutions	393	4.60924833363358e-05
Ancestor-O1MA	MA525	NA	208	20496	2	substitutions	1	1.17283672611541e-07
Ancestor-O1MA	MA525	NA	208	20496	5	substitutions	1	1.17283672611541e-07
Ancestor-O1MA	MA529	NA	227	20505	1	deletions	62	6.66002812250585e-06
Ancestor-O1MA	MA529	NA	227	20505	2	deletions	7	7.51938658992596e-07
Ancestor-O1MA	MA529	NA	227	20505	3	deletions	1	1.07419808427514e-07
Ancestor-O1MA	MA529	NA	227	20505	4	deletions	2	2.14839616855027e-07
Ancestor-O1MA	MA529	NA	227	20505	6	deletions	1	1.07419808427514e-07
Ancestor-O1MA	MA529	NA	227	20505	1	insertions	63	6.76744793093336e-06
Ancestor-O1MA	MA529	NA	227	20505	2	insertions	4	4.29679233710055e-07
Ancestor-O1MA	MA529	NA	227	20505	5	insertions	1	1.07419808427514e-07
Ancestor-O1MA	MA529	NA	227	20505	6	insertions	1	1.07419808427514e-07
Ancestor-O1MA	MA529	NA	227	20505	1	substitutions	357	3.83488716086224e-05
Ancestor-O1MA	MA529	NA	227	20505	2	substitutions	2	2.14839616855027e-07
Ancestor-O1MA	MA529	NA	227	20505	3	substitutions	1	1.07419808427514e-07
Ancestor-O1MA	MA530	NA	233	20357	1	deletions	39	4.11116505990389e-06
Ancestor-O1MA	MA530	NA	233	20357	2	deletions	6	6.32486932292906e-07
Ancestor-O1MA	MA530	NA	233	20357	6	deletions	1	1.05414488715484e-07
Ancestor-O1MA	MA530	NA	233	20357	1	insertions	22	2.31911875174066e-06
Ancestor-O1MA	MA530	NA	233	20357	2	insertions	8	8.43315909723875e-07
Ancestor-O1MA	MA530	NA	233	20357	1	substitutions	246	2.59319642240092e-05
Ancestor-O1MA	MA537	NA	243	20789	1	deletions	82	8.11603635746746e-06
Ancestor-O1MA	MA537	NA	243	20789	2	deletions	19	1.88054500965709e-06
Ancestor-O1MA	MA537	NA	243	20789	3	deletions	1	9.8976053139847e-08
Ancestor-O1MA	MA537	NA	243	20789	6	deletions	2	1.97952106279694e-07
Ancestor-O1MA	MA537	NA	243	20789	1	insertions	54	5.34470686955174e-06
Ancestor-O1MA	MA537	NA	243	20789	2	insertions	5	4.94880265699235e-07
Ancestor-O1MA	MA537	NA	243	20789	5	insertions	2	1.97952106279694e-07
Ancestor-O1MA	MA537	NA	243	20789	1	substitutions	516	5.10716434201611e-05
Ancestor-O1MA	MA537	NA	243	20789	2	substitutions	3	2.96928159419541e-07
Ancestor-O1MA	MA537	NA	243	20789	4	substitutions	1	9.8976053139847e-08
Ancestor-O1MA	MA537	NA	243	20789	5	substitutions	1	9.8976053139847e-08
Ancestor-O1MA	MA537	NA	243	20789	6	substitutions	1	9.8976053139847e-08
Ancestor-O1MA	MA547	NA	242	21256	1	deletions	104	1.01089590260562e-05
Ancestor-O1MA	MA547	NA	242	21256	2	deletions	7	6.80410703676862e-07
Ancestor-O1MA	MA547	NA	242	21256	3	deletions	1	9.72015290966945e-08
Ancestor-O1MA	MA547	NA	242	21256	1	insertions	20	1.94403058193389e-06
Ancestor-O1MA	MA547	NA	242	21256	2	insertions	1	9.72015290966945e-08
Ancestor-O1MA	MA547	NA	242	21256	1	substitutions	652	6.33753969710448e-05
Ancestor-O1MA	MA547	NA	242	21256	6	substitutions	1	9.72015290966945e-08
Ancestor-O1MA	MA548	NA	168	20312	1	deletions	38	5.56790262383015e-06
Ancestor-O1MA	MA548	NA	168	20312	2	deletions	6	8.7914251955213e-07
Ancestor-O1MA	MA548	NA	168	20312	6	deletions	1	1.46523753258688e-07
Ancestor-O1MA	MA548	NA	168	20312	1	insertions	33	4.83528385753671e-06
Ancestor-O1MA	MA548	NA	168	20312	2	insertions	5	7.32618766293441e-07
Ancestor-O1MA	MA548	NA	168	20312	1	substitutions	377	5.52394549785255e-05
Ancestor-O1MA	MA548	NA	168	20312	4	substitutions	1	1.46523753258688e-07
Ancestor-O1MA	MA548	NA	168	20312	5	substitutions	1	1.46523753258688e-07
Ancestor-O1MA	MA550	NA	227	21129	1	deletions	77	8.02704927961924e-06
Ancestor-O1MA	MA550	NA	227	21129	2	deletions	9	9.38226539176275e-07
Ancestor-O1MA	MA550	NA	227	21129	1	insertions	23	2.39769004456159e-06
Ancestor-O1MA	MA550	NA	227	21129	2	insertions	3	3.12742179725425e-07
Ancestor-O1MA	MA550	NA	227	21129	3	insertions	1	1.04247393241808e-07
Ancestor-O1MA	MA550	NA	227	21129	5	insertions	1	1.04247393241808e-07
Ancestor-O1MA	MA550	NA	227	21129	6	insertions	1	1.04247393241808e-07
Ancestor-O1MA	MA550	NA	227	21129	1	substitutions	586	6.10889724396997e-05
Ancestor-O1MA	MA550	NA	227	21129	2	substitutions	3	3.12742179725425e-07
Ancestor-O1MA	MA550	NA	227	21129	3	substitutions	3	3.12742179725425e-07
Ancestor-O1MA	MA550	NA	227	21129	5	substitutions	2	2.08494786483617e-07
Ancestor-O1MA	MA550	NA	227	21129	6	substitutions	3	3.12742179725425e-07
Ancestor-O1MA	MA552	NA	231	20300	1	deletions	45	4.79815750751711e-06
Ancestor-O1MA	MA552	NA	231	20300	2	deletions	3	3.19877167167808e-07
Ancestor-O1MA	MA552	NA	231	20300	6	deletions	1	1.06625722389269e-07
Ancestor-O1MA	MA552	NA	231	20300	1	insertions	41	4.37165461796004e-06
Ancestor-O1MA	MA552	NA	231	20300	2	insertions	4	4.26502889557077e-07
Ancestor-O1MA	MA552	NA	231	20300	6	insertions	1	1.06625722389269e-07
Ancestor-O1MA	MA552	NA	231	20300	1	substitutions	390	4.1584031731815e-05
Ancestor-O1MA	MA552	NA	231	20300	2	substitutions	2	2.13251444778538e-07
Ancestor-O1MA	MA555	NA	229	20396	1	deletions	49	5.24548438729745e-06
Ancestor-O1MA	MA555	NA	229	20396	2	deletions	9	9.63456316034225e-07
Ancestor-O1MA	MA555	NA	229	20396	6	deletions	1	1.07050701781581e-07
Ancestor-O1MA	MA555	NA	229	20396	1	insertions	40	4.28202807126322e-06
Ancestor-O1MA	MA555	NA	229	20396	2	insertions	7	7.49354912471064e-07
Ancestor-O1MA	MA555	NA	229	20396	5	insertions	2	2.14101403563161e-07
Ancestor-O1MA	MA555	NA	229	20396	1	substitutions	383	4.10004187823454e-05
Ancestor-O1MA	MA555	NA	229	20396	3	substitutions	2	2.14101403563161e-07
Ancestor-O1MA	MA556	NA	238	20470	1	deletions	46	4.72098951940327e-06
Ancestor-O1MA	MA556	NA	238	20470	2	deletions	4	4.10520827774197e-07
Ancestor-O1MA	MA556	NA	238	20470	3	deletions	2	2.05260413887099e-07
Ancestor-O1MA	MA556	NA	238	20470	6	deletions	2	2.05260413887099e-07
Ancestor-O1MA	MA556	NA	238	20470	1	insertions	42	4.31046869162907e-06
Ancestor-O1MA	MA556	NA	238	20470	2	insertions	4	4.10520827774197e-07
Ancestor-O1MA	MA556	NA	238	20470	5	insertions	1	1.02630206943549e-07
Ancestor-O1MA	MA556	NA	238	20470	1	substitutions	418	4.28994265024036e-05
Ancestor-O1MA	MA556	NA	238	20470	2	substitutions	2	2.05260413887099e-07
Ancestor-O1MA	MA556	NA	238	20470	4	substitutions	2	2.05260413887099e-07
Ancestor-O1MA	MA558	NA	220	20485	1	deletions	47	5.21445847294029e-06
Ancestor-O1MA	MA558	NA	220	20485	2	deletions	4	4.43783699824705e-07
Ancestor-O1MA	MA558	NA	220	20485	3	deletions	1	1.10945924956176e-07
Ancestor-O1MA	MA558	NA	220	20485	6	deletions	2	2.21891849912353e-07
Ancestor-O1MA	MA558	NA	220	20485	1	insertions	31	3.43932367364147e-06
Ancestor-O1MA	MA558	NA	220	20485	2	insertions	13	1.44229702443029e-06
Ancestor-O1MA	MA558	NA	220	20485	6	insertions	2	2.21891849912353e-07
Ancestor-O1MA	MA558	NA	220	20485	1	substitutions	327	3.62793174606697e-05
Ancestor-O1MA	MA558	NA	220	20485	2	substitutions	2	2.21891849912353e-07
Ancestor-O1MA	MA558	NA	220	20485	4	substitutions	1	1.10945924956176e-07
Ancestor-O1MA	MA563	NA	221	20398	1	deletions	47	5.21300331547011e-06
Ancestor-O1MA	MA563	NA	221	20398	2	deletions	6	6.65489784953631e-07
Ancestor-O1MA	MA563	NA	221	20398	1	insertions	27	2.99470403229134e-06
Ancestor-O1MA	MA563	NA	221	20398	2	insertions	7	7.76404749112569e-07
Ancestor-O1MA	MA563	NA	221	20398	1	substitutions	321	3.56037034950193e-05
Ancestor-O1MA	MA563	NA	221	20398	4	substitutions	1	1.10914964158938e-07
Ancestor-O1MA	MA566	NA	242	20434	1	deletions	94	9.50449623338837e-06
Ancestor-O1MA	MA566	NA	242	20434	2	deletions	15	1.51667493085985e-06
Ancestor-O1MA	MA566	NA	242	20434	3	deletions	2	2.02223324114646e-07
Ancestor-O1MA	MA566	NA	242	20434	6	deletions	4	4.04446648229292e-07
Ancestor-O1MA	MA566	NA	242	20434	1	insertions	37	3.74113149612095e-06
Ancestor-O1MA	MA566	NA	242	20434	2	insertions	3	3.03334986171969e-07
Ancestor-O1MA	MA566	NA	242	20434	5	insertions	2	2.02223324114646e-07
Ancestor-O1MA	MA566	NA	242	20434	6	insertions	1	1.01111662057323e-07
Ancestor-O1MA	MA566	NA	242	20434	1	substitutions	482	4.87358211116297e-05
Ancestor-O1MA	MA566	NA	242	20434	2	substitutions	4	4.04446648229292e-07
Ancestor-O1MA	MA566	NA	242	20434	3	substitutions	1	1.01111662057323e-07
Ancestor-O1MA	MA566	NA	242	20434	5	substitutions	2	2.02223324114646e-07
Ancestor-O1MA	MA566	NA	242	20434	6	substitutions	1	1.01111662057323e-07
Ancestor-O1MA	MA569	NA	226	20468	1	deletions	44	4.75596700915394e-06
Ancestor-O1MA	MA569	NA	226	20468	2	deletions	6	6.48540955793719e-07
Ancestor-O1MA	MA569	NA	226	20468	6	deletions	1	1.08090159298953e-07
Ancestor-O1MA	MA569	NA	226	20468	1	insertions	29	3.13461461966964e-06
Ancestor-O1MA	MA569	NA	226	20468	2	insertions	2	2.16180318597906e-07
Ancestor-O1MA	MA569	NA	226	20468	5	insertions	2	2.16180318597906e-07
Ancestor-O1MA	MA569	NA	226	20468	1	substitutions	409	4.42088751532718e-05
Ancestor-O1MA	MA569	NA	226	20468	2	substitutions	2	2.16180318597906e-07
Ancestor-O1MA	MA569	NA	226	20468	4	substitutions	1	1.08090159298953e-07
Ancestor-O1MA	MA569	NA	226	20468	6	substitutions	1	1.08090159298953e-07
Ancestor-O1MA	MA570	NA	229	19784	1	deletions	56	6.18028418712488e-06
Ancestor-O1MA	MA570	NA	229	19784	2	deletions	12	1.32434661152676e-06
Ancestor-O1MA	MA570	NA	229	19784	3	deletions	2	2.2072443525446e-07
Ancestor-O1MA	MA570	NA	229	19784	6	deletions	2	2.2072443525446e-07
Ancestor-O1MA	MA570	NA	229	19784	1	insertions	60	6.6217330576338e-06
Ancestor-O1MA	MA570	NA	229	19784	2	insertions	9	9.9325995864507e-07
Ancestor-O1MA	MA570	NA	229	19784	1	substitutions	445	4.91111868441173e-05
Ancestor-O1MA	MA570	NA	229	19784	2	substitutions	5	5.5181108813615e-07
Ancestor-O1MA	MA570	NA	229	19784	4	substitutions	1	1.1036221762723e-07
Ancestor-O1MA	MA570	NA	229	19784	6	substitutions	1	1.1036221762723e-07
Ancestor-O1MA	MA572	NA	194	19785	1	deletions	64	8.33704592409641e-06
Ancestor-O1MA	MA572	NA	194	19785	2	deletions	6	7.81598055384038e-07
Ancestor-O1MA	MA572	NA	194	19785	3	deletions	1	1.30266342564006e-07
Ancestor-O1MA	MA572	NA	194	19785	6	deletions	2	2.60532685128013e-07
Ancestor-O1MA	MA572	NA	194	19785	1	insertions	42	5.47118638768827e-06
Ancestor-O1MA	MA572	NA	194	19785	2	insertions	6	7.81598055384038e-07
Ancestor-O1MA	MA572	NA	194	19785	5	insertions	3	3.90799027692019e-07
Ancestor-O1MA	MA572	NA	194	19785	1	substitutions	423	5.51026629045747e-05
Ancestor-O1MA	MA572	NA	194	19785	4	substitutions	2	2.60532685128013e-07
Ancestor-O1MA	MA572	NA	194	19785	5	substitutions	1	1.30266342564006e-07
Ancestor-O1MA	MA583	NA	243	20800	1	deletions	79	7.81497309275087e-06
Ancestor-O1MA	MA583	NA	243	20800	2	deletions	11	1.08816081038303e-06
Ancestor-O1MA	MA583	NA	243	20800	3	deletions	4	3.95694840139285e-07
Ancestor-O1MA	MA583	NA	243	20800	6	deletions	4	3.95694840139285e-07
Ancestor-O1MA	MA583	NA	243	20800	1	insertions	31	3.06663501107946e-06
Ancestor-O1MA	MA583	NA	243	20800	2	insertions	2	1.97847420069642e-07
Ancestor-O1MA	MA583	NA	243	20800	5	insertions	1	9.89237100348211e-08
Ancestor-O1MA	MA583	NA	243	20800	6	insertions	1	9.89237100348211e-08
Ancestor-O1MA	MA583	NA	243	20800	1	substitutions	505	4.99564735675847e-05
Ancestor-O1MA	MA583	NA	243	20800	2	substitutions	1	9.89237100348211e-08
Ancestor-O1MA	MA583	NA	243	20800	3	substitutions	2	1.97847420069642e-07
Ancestor-O1MA	MA583	NA	243	20800	5	substitutions	2	1.97847420069642e-07
Ancestor-O1MA	MA583	NA	243	20800	6	substitutions	4	3.95694840139285e-07
Ancestor-O1MA	MA587	NA	227	19824	1	deletions	86	9.55545363071683e-06
Ancestor-O1MA	MA587	NA	227	19824	2	deletions	32	3.55551763003417e-06
Ancestor-O1MA	MA587	NA	227	19824	3	deletions	9	9.9998933344711e-07
Ancestor-O1MA	MA587	NA	227	19824	4	deletions	2	2.22219851877136e-07
Ancestor-O1MA	MA587	NA	227	19824	5	deletions	1	1.11109925938568e-07
Ancestor-O1MA	MA587	NA	227	19824	6	deletions	4	4.44439703754271e-07
Ancestor-O1MA	MA587	NA	227	19824	1	insertions	58	6.44437570443693e-06
Ancestor-O1MA	MA587	NA	227	19824	2	insertions	5	5.55549629692839e-07
Ancestor-O1MA	MA587	NA	227	19824	5	insertions	1	1.11109925938568e-07
Ancestor-O1MA	MA587	NA	227	19824	6	insertions	1	1.11109925938568e-07
Ancestor-O1MA	MA587	NA	227	19824	1	substitutions	409	4.54439597088742e-05
Ancestor-O1MA	MA587	NA	227	19824	2	substitutions	7	7.77769481569974e-07
Ancestor-O1MA	MA587	NA	227	19824	5	substitutions	1	1.11109925938568e-07
Ancestor-O1MA	MA587	NA	227	19824	6	substitutions	4	4.44439703754271e-07
Ancestor-O1MA	MA590	NA	238	20285	1	deletions	39	4.03908174065781e-06
Ancestor-O1MA	MA590	NA	238	20285	2	deletions	6	6.21397190870433e-07
Ancestor-O1MA	MA590	NA	238	20285	6	deletions	2	2.07132396956811e-07
Ancestor-O1MA	MA590	NA	238	20285	1	insertions	35	3.62481694674419e-06
Ancestor-O1MA	MA590	NA	238	20285	2	insertions	4	4.14264793913622e-07
Ancestor-O1MA	MA590	NA	238	20285	5	insertions	2	2.07132396956811e-07
Ancestor-O1MA	MA590	NA	238	20285	6	insertions	1	1.03566198478405e-07
Ancestor-O1MA	MA590	NA	238	20285	1	substitutions	390	4.03908174065781e-05
Ancestor-O1MA	MA590	NA	238	20285	4	substitutions	1	1.03566198478405e-07
Ancestor-O1MA	MA590	NA	238	20285	5	substitutions	1	1.03566198478405e-07
Ancestor-O1MA	MA592	NA	233	20286	1	deletions	46	4.86603797456035e-06
Ancestor-O1MA	MA592	NA	233	20286	2	deletions	3	3.17350302688719e-07
Ancestor-O1MA	MA592	NA	233	20286	4	deletions	2	2.11566868459146e-07
Ancestor-O1MA	MA592	NA	233	20286	6	deletions	1	1.05783434229573e-07
Ancestor-O1MA	MA592	NA	233	20286	1	insertions	47	4.97182140878993e-06
Ancestor-O1MA	MA592	NA	233	20286	2	insertions	5	5.28917171147864e-07
Ancestor-O1MA	MA592	NA	233	20286	5	insertions	1	1.05783434229573e-07
Ancestor-O1MA	MA592	NA	233	20286	6	insertions	1	1.05783434229573e-07
Ancestor-O1MA	MA592	NA	233	20286	1	substitutions	402	4.25249405602883e-05
Ancestor-O1MA	MA592	NA	233	20286	2	substitutions	4	4.23133736918292e-07
Ancestor-O1MA	MA595	NA	232	18815	1	deletions	48	5.4981810184464e-06
Ancestor-O1MA	MA595	NA	232	18815	2	deletions	7	8.018180651901e-07
Ancestor-O1MA	MA595	NA	232	18815	3	deletions	1	1.145454378843e-07
Ancestor-O1MA	MA595	NA	232	18815	6	deletions	2	2.290908757686e-07
Ancestor-O1MA	MA595	NA	232	18815	1	insertions	43	4.9254538290249e-06
Ancestor-O1MA	MA595	NA	232	18815	2	insertions	2	2.290908757686e-07
Ancestor-O1MA	MA595	NA	232	18815	5	insertions	1	1.145454378843e-07
Ancestor-O1MA	MA595	NA	232	18815	6	insertions	2	2.290908757686e-07
Ancestor-O1MA	MA595	NA	232	18815	1	substitutions	350	4.0090903259505e-05
Ancestor-O1MA	MA595	NA	232	18815	2	substitutions	5	5.727271894215e-07
Ancestor-O1MA	MA595	NA	232	18815	3	substitutions	4	4.581817515372e-07
O1MA-O2MA	MA522	MA522.04	148	22593	1	deletions	91	1.36074196623924e-05
O1MA-O2MA	MA522	MA522.04	148	22593	2	deletions	9	1.34578875781903e-06
O1MA-O2MA	MA522	MA522.04	148	22593	3	deletions	2	2.99064168404229e-07
O1MA-O2MA	MA522	MA522.04	148	22593	4	deletions	1	1.49532084202115e-07
O1MA-O2MA	MA522	MA522.04	148	22593	1	insertions	114	1.70466575990411e-05
O1MA-O2MA	MA522	MA522.04	148	22593	2	insertions	12	1.79438501042538e-06
O1MA-O2MA	MA522	MA522.04	148	22593	3	insertions	1	1.49532084202115e-07
O1MA-O2MA	MA522	MA522.04	148	22593	1	substitutions	43	6.42987962069093e-06
O1MA-O2MA	MA522	MA522.04	148	22593	2	substitutions	2	2.99064168404229e-07
O1MA-O2MA	MA522	MA522.04	148	22593	3	substitutions	1	1.49532084202115e-07
O1MA-O2MA	MA522	MA522.04	148	22593	4	substitutions	2	2.99064168404229e-07
O1MA-O2MA	MA522	MA522.04	148	22593	5	substitutions	1	1.49532084202115e-07
O1MA-O2MA	MA522	MA522.04	148	22593	6	substitutions	5	7.47660421010574e-07
O1MA-O2MA	MA522	MA522.12	148	22869	1	deletions	103	1.52159243068334e-05
O1MA-O2MA	MA522	MA522.12	148	22869	2	deletions	17	2.51136614772978e-06
O1MA-O2MA	MA522	MA522.12	148	22869	3	deletions	2	2.95454840909386e-07
O1MA-O2MA	MA522	MA522.12	148	22869	5	deletions	1	1.47727420454693e-07
O1MA-O2MA	MA522	MA522.12	148	22869	6	deletions	1	1.47727420454693e-07
O1MA-O2MA	MA522	MA522.12	148	22869	1	insertions	129	1.90568372386554e-05
O1MA-O2MA	MA522	MA522.12	148	22869	2	insertions	16	2.36363872727509e-06
O1MA-O2MA	MA522	MA522.12	148	22869	3	insertions	1	1.47727420454693e-07
O1MA-O2MA	MA522	MA522.12	148	22869	6	insertions	2	2.95454840909386e-07
O1MA-O2MA	MA522	MA522.12	148	22869	1	substitutions	35	5.17045971591426e-06
O1MA-O2MA	MA522	MA522.12	148	22869	2	substitutions	3	4.4318226136408e-07
O1MA-O2MA	MA522	MA522.12	148	22869	3	substitutions	1	1.47727420454693e-07
O1MA-O2MA	MA522	MA522.12	148	22869	4	substitutions	1	1.47727420454693e-07
O1MA-O2MA	MA522	MA522.12	148	22869	6	substitutions	1	1.47727420454693e-07
O1MA-O2MA	MA522	MA522.22	148	23764	1	deletions	88	1.25104063834917e-05
O1MA-O2MA	MA522	MA522.22	148	23764	2	deletions	6	8.5298225341989e-07
O1MA-O2MA	MA522	MA522.22	148	23764	1	insertions	99	1.40742071814282e-05
O1MA-O2MA	MA522	MA522.22	148	23764	2	insertions	17	2.41678305135636e-06
O1MA-O2MA	MA522	MA522.22	148	23764	3	insertions	1	1.42163708903315e-07
O1MA-O2MA	MA522	MA522.22	148	23764	1	substitutions	24	3.41192901367956e-06
O1MA-O2MA	MA522	MA522.22	148	23764	2	substitutions	3	4.26491126709945e-07
O1MA-O2MA	MA522	MA522.22	148	23764	4	substitutions	1	1.42163708903315e-07
O1MA-O2MA	MA522	MA522.22	148	23764	6	substitutions	2	2.8432741780663e-07
O1MA-O2MA	MA522	MA522.32	149	22941	1	deletions	101	1.47738186869205e-05
O1MA-O2MA	MA522	MA522.32	149	22941	2	deletions	7	1.02392802780637e-06
O1MA-O2MA	MA522	MA522.32	149	22941	3	deletions	2	2.92550865087536e-07
O1MA-O2MA	MA522	MA522.32	149	22941	5	deletions	1	1.46275432543768e-07
O1MA-O2MA	MA522	MA522.32	149	22941	6	deletions	2	2.92550865087536e-07
O1MA-O2MA	MA522	MA522.32	149	22941	1	insertions	127	1.85769799330585e-05
O1MA-O2MA	MA522	MA522.32	149	22941	2	insertions	11	1.60902975798145e-06
O1MA-O2MA	MA522	MA522.32	149	22941	3	insertions	2	2.92550865087536e-07
O1MA-O2MA	MA522	MA522.32	149	22941	5	insertions	1	1.46275432543768e-07
O1MA-O2MA	MA522	MA522.32	149	22941	6	insertions	2	2.92550865087536e-07
O1MA-O2MA	MA522	MA522.32	149	22941	1	substitutions	38	5.55846643666318e-06
O1MA-O2MA	MA522	MA522.32	149	22941	2	substitutions	2	2.92550865087536e-07
O1MA-O2MA	MA522	MA522.32	149	22941	4	substitutions	1	1.46275432543768e-07
O1MA-O2MA	MA522	MA522.32	149	22941	6	substitutions	1	1.46275432543768e-07
O1MA-O2MA	MA537	MA537.13	146	24147	1	deletions	84	1.19133322100763e-05
O1MA-O2MA	MA537	MA537.13	146	24147	2	deletions	3	4.25476150359868e-07
O1MA-O2MA	MA537	MA537.13	146	24147	5	deletions	1	1.41825383453289e-07
O1MA-O2MA	MA537	MA537.13	146	24147	1	insertions	101	1.43243637287822e-05
O1MA-O2MA	MA537	MA537.13	146	24147	2	insertions	19	2.6946822856125e-06
O1MA-O2MA	MA537	MA537.13	146	24147	3	insertions	1	1.41825383453289e-07
O1MA-O2MA	MA537	MA537.13	146	24147	4	insertions	1	1.41825383453289e-07
O1MA-O2MA	MA537	MA537.13	146	24147	1	substitutions	28	3.9711107366921e-06
O1MA-O2MA	MA537	MA537.13	146	24147	2	substitutions	2	2.83650766906578e-07
O1MA-O2MA	MA537	MA537.13	146	24147	3	substitutions	1	1.41825383453289e-07
O1MA-O2MA	MA537	MA537.13	146	24147	4	substitutions	2	2.83650766906578e-07
O1MA-O2MA	MA537	MA537.24	150	24105	1	deletions	93	1.28604024061398e-05
O1MA-O2MA	MA537	MA537.24	150	24105	2	deletions	3	4.14851690520639e-07
O1MA-O2MA	MA537	MA537.24	150	24105	1	insertions	108	1.4934660858743e-05
O1MA-O2MA	MA537	MA537.24	150	24105	2	insertions	14	1.93597455576298e-06
O1MA-O2MA	MA537	MA537.24	150	24105	3	insertions	1	1.38283896840213e-07
O1MA-O2MA	MA537	MA537.24	150	24105	6	insertions	1	1.38283896840213e-07
O1MA-O2MA	MA537	MA537.24	150	24105	1	substitutions	28	3.87194911152596e-06
O1MA-O2MA	MA537	MA537.24	150	24105	2	substitutions	2	2.76567793680426e-07
O1MA-O2MA	MA537	MA537.24	150	24105	4	substitutions	1	1.38283896840213e-07
O1MA-O2MA	MA537	MA537.25	147	24286	1	deletions	96	1.3445219972202e-05
O1MA-O2MA	MA537	MA537.25	147	24286	2	deletions	4	5.6021749884175e-07
O1MA-O2MA	MA537	MA537.25	147	24286	1	insertions	100	1.40054374710438e-05
O1MA-O2MA	MA537	MA537.25	147	24286	2	insertions	20	2.80108749420875e-06
O1MA-O2MA	MA537	MA537.25	147	24286	3	insertions	1	1.40054374710438e-07
O1MA-O2MA	MA537	MA537.25	147	24286	6	insertions	1	1.40054374710438e-07
O1MA-O2MA	MA537	MA537.25	147	24286	1	substitutions	24	3.3613049930505e-06
O1MA-O2MA	MA537	MA537.25	147	24286	2	substitutions	1	1.40054374710438e-07
O1MA-O2MA	MA537	MA537.25	147	24286	4	substitutions	1	1.40054374710438e-07
O1MA-O2MA	MA537	MA537.44	150	24392	1	deletions	87	1.18891439816333e-05
O1MA-O2MA	MA537	MA537.44	150	24392	2	deletions	4	5.46627309500383e-07
O1MA-O2MA	MA537	MA537.44	150	24392	5	deletions	1	1.36656827375096e-07
O1MA-O2MA	MA537	MA537.44	150	24392	1	insertions	100	1.36656827375096e-05
O1MA-O2MA	MA537	MA537.44	150	24392	2	insertions	20	2.73313654750191e-06
O1MA-O2MA	MA537	MA537.44	150	24392	3	insertions	1	1.36656827375096e-07
O1MA-O2MA	MA537	MA537.44	150	24392	6	insertions	1	1.36656827375096e-07
O1MA-O2MA	MA537	MA537.44	150	24392	1	substitutions	26	3.55307751175249e-06
O1MA-O2MA	MA537	MA537.44	150	24392	2	substitutions	3	4.09970482125287e-07
O1MA-O2MA	MA537	MA537.44	150	24392	4	substitutions	1	1.36656827375096e-07
O1MA-O2MA	MA537	MA537.45	149	23304	1	deletions	89	1.2815727691418e-05
O1MA-O2MA	MA537	MA537.45	149	23304	2	deletions	9	1.2959724631771e-06
O1MA-O2MA	MA537	MA537.45	149	23304	6	deletions	2	2.87993880706023e-07
O1MA-O2MA	MA537	MA537.45	149	23304	1	insertions	133	1.91515930669505e-05
O1MA-O2MA	MA537	MA537.45	149	23304	2	insertions	18	2.5919449263542e-06
O1MA-O2MA	MA537	MA537.45	149	23304	3	insertions	1	1.43996940353011e-07
O1MA-O2MA	MA537	MA537.45	149	23304	6	insertions	1	1.43996940353011e-07
O1MA-O2MA	MA537	MA537.45	149	23304	1	substitutions	38	5.47188373341443e-06
O1MA-O2MA	MA537	MA537.45	149	23304	2	substitutions	3	4.31990821059034e-07
O1MA-O2MA	MA537	MA537.45	149	23304	3	substitutions	2	2.87993880706023e-07
O1MA-O2MA	MA537	MA537.45	149	23304	4	substitutions	4	5.75987761412045e-07
O1MA-O2MA	MA537	MA537.45	149	23304	6	substitutions	1	1.43996940353011e-07
O1MA-O2MA	MA566	MA566.24	142	21260	1	deletions	64	1.05998171531541e-05
O1MA-O2MA	MA566	MA566.24	142	21260	2	deletions	12	1.9874657162164e-06
O1MA-O2MA	MA566	MA566.24	142	21260	3	deletions	1	1.65622143018033e-07
O1MA-O2MA	MA566	MA566.24	142	21260	5	deletions	1	1.65622143018033e-07
O1MA-O2MA	MA566	MA566.24	142	21260	1	insertions	105	1.73903250168935e-05
O1MA-O2MA	MA566	MA566.24	142	21260	2	insertions	7	1.15935500112623e-06
O1MA-O2MA	MA566	MA566.24	142	21260	3	insertions	2	3.31244286036066e-07
O1MA-O2MA	MA566	MA566.24	142	21260	6	insertions	2	3.31244286036066e-07
O1MA-O2MA	MA566	MA566.24	142	21260	1	substitutions	29	4.80304214752295e-06
O1MA-O2MA	MA566	MA566.24	142	21260	2	substitutions	3	4.96866429054099e-07
O1MA-O2MA	MA566	MA566.24	142	21260	3	substitutions	2	3.31244286036066e-07
O1MA-O2MA	MA566	MA566.28	144	22649	1	deletions	58	8.89173424384692e-06
O1MA-O2MA	MA566	MA566.28	144	22649	2	deletions	8	1.22644610259958e-06
O1MA-O2MA	MA566	MA566.28	144	22649	3	deletions	2	3.06611525649894e-07
O1MA-O2MA	MA566	MA566.28	144	22649	5	deletions	1	1.53305762824947e-07
O1MA-O2MA	MA566	MA566.28	144	22649	1	insertions	104	1.59437993337945e-05
O1MA-O2MA	MA566	MA566.28	144	22649	2	insertions	11	1.68636339107442e-06
O1MA-O2MA	MA566	MA566.28	144	22649	3	insertions	2	3.06611525649894e-07
O1MA-O2MA	MA566	MA566.28	144	22649	5	insertions	1	1.53305762824947e-07
O1MA-O2MA	MA566	MA566.28	144	22649	6	insertions	1	1.53305762824947e-07
O1MA-O2MA	MA566	MA566.28	144	22649	1	substitutions	31	4.75247864757335e-06
O1MA-O2MA	MA566	MA566.28	144	22649	2	substitutions	2	3.06611525649894e-07
O1MA-O2MA	MA566	MA566.28	144	22649	3	substitutions	2	3.06611525649894e-07
O1MA-O2MA	MA566	MA566.28	144	22649	4	substitutions	2	3.06611525649894e-07
O1MA-O2MA	MA566	MA566.28	144	22649	5	substitutions	2	3.06611525649894e-07
O1MA-O2MA	MA566	MA566.28	144	22649	6	substitutions	1	1.53305762824947e-07
O1MA-O2MA	MA566	MA566.29	148	22655	1	deletions	68	1.01403544352121e-05
O1MA-O2MA	MA566	MA566.29	148	22655	2	deletions	11	1.6403514527549e-06
O1MA-O2MA	MA566	MA566.29	148	22655	4	deletions	1	1.49122859341354e-07
O1MA-O2MA	MA566	MA566.29	148	22655	5	deletions	1	1.49122859341354e-07
O1MA-O2MA	MA566	MA566.29	148	22655	1	insertions	138	2.05789545891069e-05
O1MA-O2MA	MA566	MA566.29	148	22655	2	insertions	15	2.23684289012031e-06
O1MA-O2MA	MA566	MA566.29	148	22655	3	insertions	2	2.98245718682708e-07
O1MA-O2MA	MA566	MA566.29	148	22655	6	insertions	3	4.47368578024062e-07
O1MA-O2MA	MA566	MA566.29	148	22655	1	substitutions	37	5.5175457956301e-06
O1MA-O2MA	MA566	MA566.29	148	22655	2	substitutions	6	8.94737156048125e-07
O1MA-O2MA	MA566	MA566.29	148	22655	3	substitutions	1	1.49122859341354e-07
O1MA-O2MA	MA566	MA566.29	148	22655	5	substitutions	2	2.98245718682708e-07
O1MA-O2MA	MA566	MA566.4	145	21591	1	deletions	62	9.90195467779519e-06
O1MA-O2MA	MA566	MA566.4	145	21591	2	deletions	10	1.59708946416051e-06
O1MA-O2MA	MA566	MA566.4	145	21591	3	deletions	1	1.59708946416051e-07
O1MA-O2MA	MA566	MA566.4	145	21591	5	deletions	1	1.59708946416051e-07
O1MA-O2MA	MA566	MA566.4	145	21591	1	insertions	92	1.46932230702767e-05
O1MA-O2MA	MA566	MA566.4	145	21591	2	insertions	9	1.43738051774446e-06
O1MA-O2MA	MA566	MA566.4	145	21591	3	insertions	2	3.19417892832103e-07
O1MA-O2MA	MA566	MA566.4	145	21591	5	insertions	1	1.59708946416051e-07
O1MA-O2MA	MA566	MA566.4	145	21591	6	insertions	2	3.19417892832103e-07
O1MA-O2MA	MA566	MA566.4	145	21591	1	substitutions	41	6.54806680305811e-06
O1MA-O2MA	MA566	MA566.4	145	21591	2	substitutions	5	7.98544732080257e-07
O1MA-O2MA	MA566	MA566.4	145	21591	3	substitutions	1	1.59708946416051e-07
O1MA-O2MA	MA566	MA566.4	145	21591	5	substitutions	3	4.79126839248154e-07
O1MA-O2MA	MA566	MA566.4	145	21591	6	substitutions	1	1.59708946416051e-07
O1MA-O2MA	MA566	MA566.45	141	22809	1	deletions	59	9.17268877004816e-06
O1MA-O2MA	MA566	MA566.45	141	22809	2	deletions	7	1.0882851083108e-06
O1MA-O2MA	MA566	MA566.45	141	22809	4	deletions	2	3.10938602374514e-07
O1MA-O2MA	MA566	MA566.45	141	22809	5	deletions	1	1.55469301187257e-07
O1MA-O2MA	MA566	MA566.45	141	22809	1	insertions	122	1.89672547448453e-05
O1MA-O2MA	MA566	MA566.45	141	22809	2	insertions	17	2.64297812018337e-06
O1MA-O2MA	MA566	MA566.45	141	22809	3	insertions	2	3.10938602374514e-07
O1MA-O2MA	MA566	MA566.45	141	22809	6	insertions	2	3.10938602374514e-07
O1MA-O2MA	MA566	MA566.45	141	22809	1	substitutions	33	5.13048693917948e-06
O1MA-O2MA	MA566	MA566.45	141	22809	2	substitutions	4	6.21877204749027e-07
O1MA-O2MA	MA566	MA566.45	141	22809	3	substitutions	3	4.66407903561771e-07
O1MA-O2MA	MA583	MA583.13	148	23916	1	deletions	45	6.3567079372398e-06
O1MA-O2MA	MA583	MA583.13	148	23916	2	deletions	3	4.2378052914932e-07
O1MA-O2MA	MA583	MA583.13	148	23916	6	deletions	1	1.41260176383107e-07
O1MA-O2MA	MA583	MA583.13	148	23916	1	insertions	95	1.34197167563951e-05
O1MA-O2MA	MA583	MA583.13	148	23916	2	insertions	14	1.97764246936349e-06
O1MA-O2MA	MA583	MA583.13	148	23916	3	insertions	2	2.82520352766213e-07
O1MA-O2MA	MA583	MA583.13	148	23916	6	insertions	1	1.41260176383107e-07
O1MA-O2MA	MA583	MA583.13	148	23916	1	substitutions	36	5.08536634979184e-06
O1MA-O2MA	MA583	MA583.13	148	23916	2	substitutions	3	4.2378052914932e-07
O1MA-O2MA	MA583	MA583.13	148	23916	3	substitutions	3	4.2378052914932e-07
O1MA-O2MA	MA583	MA583.13	148	23916	6	substitutions	3	4.2378052914932e-07
O1MA-O2MA	MA583	MA583.22	147	24115	1	deletions	49	6.91132766604465e-06
O1MA-O2MA	MA583	MA583.22	147	24115	2	deletions	4	5.64190013554665e-07
O1MA-O2MA	MA583	MA583.22	147	24115	1	insertions	87	1.2271132794814e-05
O1MA-O2MA	MA583	MA583.22	147	24115	2	insertions	12	1.692570040664e-06
O1MA-O2MA	MA583	MA583.22	147	24115	3	insertions	2	2.82095006777333e-07
O1MA-O2MA	MA583	MA583.22	147	24115	6	insertions	1	1.41047503388666e-07
O1MA-O2MA	MA583	MA583.22	147	24115	1	substitutions	34	4.79561511521465e-06
O1MA-O2MA	MA583	MA583.22	147	24115	2	substitutions	2	2.82095006777333e-07
O1MA-O2MA	MA583	MA583.22	147	24115	3	substitutions	3	4.23142510165999e-07
O1MA-O2MA	MA583	MA583.22	147	24115	5	substitutions	1	1.41047503388666e-07
O1MA-O2MA	MA583	MA583.22	147	24115	6	substitutions	3	4.23142510165999e-07
O1MA-O2MA	MA583	MA583.38	144	24105	1	deletions	49	7.05824056788587e-06
O1MA-O2MA	MA583	MA583.38	144	24105	2	deletions	2	2.88091451750444e-07
O1MA-O2MA	MA583	MA583.38	144	24105	1	insertions	81	1.1667703795893e-05
O1MA-O2MA	MA583	MA583.38	144	24105	2	insertions	11	1.58450298462744e-06
O1MA-O2MA	MA583	MA583.38	144	24105	3	insertions	2	2.88091451750444e-07
O1MA-O2MA	MA583	MA583.38	144	24105	4	insertions	1	1.44045725875222e-07
O1MA-O2MA	MA583	MA583.38	144	24105	6	insertions	1	1.44045725875222e-07
O1MA-O2MA	MA583	MA583.38	144	24105	1	substitutions	31	4.46541750213188e-06
O1MA-O2MA	MA583	MA583.38	144	24105	2	substitutions	2	2.88091451750444e-07
O1MA-O2MA	MA583	MA583.38	144	24105	3	substitutions	5	7.20228629376109e-07
O1MA-O2MA	MA583	MA583.38	144	24105	5	substitutions	1	1.44045725875222e-07
O1MA-O2MA	MA583	MA583.41	148	23615	1	deletions	67	9.58506675212159e-06
O1MA-O2MA	MA583	MA583.41	148	23615	2	deletions	10	1.4306069779286e-06
O1MA-O2MA	MA583	MA583.41	148	23615	5	deletions	1	1.4306069779286e-07
O1MA-O2MA	MA583	MA583.41	148	23615	1	insertions	119	1.70242230373503e-05
O1MA-O2MA	MA583	MA583.41	148	23615	2	insertions	13	1.85978907130717e-06
O1MA-O2MA	MA583	MA583.41	148	23615	3	insertions	2	2.86121395585719e-07
O1MA-O2MA	MA583	MA583.41	148	23615	6	insertions	3	4.29182093378579e-07
O1MA-O2MA	MA583	MA583.41	148	23615	1	substitutions	31	4.43488163157865e-06
O1MA-O2MA	MA583	MA583.41	148	23615	2	substitutions	1	1.4306069779286e-07
O1MA-O2MA	MA583	MA583.41	148	23615	3	substitutions	2	2.86121395585719e-07
O1MA-O2MA	MA583	MA583.41	148	23615	4	substitutions	1	1.4306069779286e-07
O1MA-O2MA	MA583	MA583.41	148	23615	6	substitutions	1	1.4306069779286e-07
O1MA-O2MA	MA583	MA583.43	144	24103	1	deletions	61	8.78751838175976e-06
O1MA-O2MA	MA583	MA583.43	144	24103	2	deletions	1	1.44057678389504e-07
O1MA-O2MA	MA583	MA583.43	144	24103	1	insertions	83	1.19567873063289e-05
O1MA-O2MA	MA583	MA583.43	144	24103	2	insertions	11	1.58463446228455e-06
O1MA-O2MA	MA583	MA583.43	144	24103	3	insertions	2	2.88115356779009e-07
O1MA-O2MA	MA583	MA583.43	144	24103	6	insertions	1	1.44057678389504e-07
O1MA-O2MA	MA583	MA583.43	144	24103	1	substitutions	35	5.04201874363265e-06
O1MA-O2MA	MA583	MA583.43	144	24103	2	substitutions	1	1.44057678389504e-07
O1MA-O2MA	MA583	MA583.43	144	24103	3	substitutions	1	1.44057678389504e-07
O1MA-O2MA	MA583	MA583.43	144	24103	6	substitutions	1	1.44057678389504e-07
O1MA-O2MA	MA587	MA587.22	145	22657	1	deletions	107	1.62848354698936e-05
O1MA-O2MA	MA587	MA587.22	145	22657	2	deletions	5	7.60973620088486e-07
O1MA-O2MA	MA587	MA587.22	145	22657	5	deletions	1	1.52194724017697e-07
O1MA-O2MA	MA587	MA587.22	145	22657	1	insertions	133	2.02418982943537e-05
O1MA-O2MA	MA587	MA587.22	145	22657	2	insertions	36	5.4790100646371e-06
O1MA-O2MA	MA587	MA587.22	145	22657	3	insertions	9	1.36975251615927e-06
O1MA-O2MA	MA587	MA587.22	145	22657	4	insertions	2	3.04389448035394e-07
O1MA-O2MA	MA587	MA587.22	145	22657	5	insertions	1	1.52194724017697e-07
O1MA-O2MA	MA587	MA587.22	145	22657	6	insertions	2	3.04389448035394e-07
O1MA-O2MA	MA587	MA587.22	145	22657	1	substitutions	48	7.30534675284947e-06
O1MA-O2MA	MA587	MA587.22	145	22657	2	substitutions	8	1.21755779214158e-06
O1MA-O2MA	MA587	MA587.22	145	22657	6	substitutions	5	7.60973620088486e-07
O1MA-O2MA	MA587	MA587.26	130	22276	1	deletions	99	1.70932497202923e-05
O1MA-O2MA	MA587	MA587.26	130	22276	2	deletions	8	1.38127270467008e-06
O1MA-O2MA	MA587	MA587.26	130	22276	5	deletions	1	1.7265908808376e-07
O1MA-O2MA	MA587	MA587.26	130	22276	6	deletions	1	1.7265908808376e-07
O1MA-O2MA	MA587	MA587.26	130	22276	1	insertions	131	2.26183405389726e-05
O1MA-O2MA	MA587	MA587.26	130	22276	2	insertions	37	6.38838625909913e-06
O1MA-O2MA	MA587	MA587.26	130	22276	3	insertions	9	1.55393179275384e-06
O1MA-O2MA	MA587	MA587.26	130	22276	4	insertions	2	3.45318176167521e-07
O1MA-O2MA	MA587	MA587.26	130	22276	5	insertions	1	1.7265908808376e-07
O1MA-O2MA	MA587	MA587.26	130	22276	6	insertions	2	3.45318176167521e-07
O1MA-O2MA	MA587	MA587.26	130	22276	1	substitutions	45	7.76965896376922e-06
O1MA-O2MA	MA587	MA587.26	130	22276	2	substitutions	7	1.20861361658632e-06
O1MA-O2MA	MA587	MA587.26	130	22276	3	substitutions	1	1.7265908808376e-07
O1MA-O2MA	MA587	MA587.26	130	22276	6	substitutions	2	3.45318176167521e-07
O1MA-O2MA	MA587	MA587.38	147	22137	1	deletions	109	1.6747901672301e-05
O1MA-O2MA	MA587	MA587.38	147	22137	2	deletions	8	1.22920379246246e-06
O1MA-O2MA	MA587	MA587.38	147	22137	5	deletions	1	1.53650474057808e-07
O1MA-O2MA	MA587	MA587.38	147	22137	6	deletions	1	1.53650474057808e-07
O1MA-O2MA	MA587	MA587.38	147	22137	1	insertions	130	1.9974561627515e-05
O1MA-O2MA	MA587	MA587.38	147	22137	2	insertions	36	5.53141706608107e-06
O1MA-O2MA	MA587	MA587.38	147	22137	3	insertions	9	1.38285426652027e-06
O1MA-O2MA	MA587	MA587.38	147	22137	4	insertions	2	3.07300948115615e-07
O1MA-O2MA	MA587	MA587.38	147	22137	5	insertions	1	1.53650474057808e-07
O1MA-O2MA	MA587	MA587.38	147	22137	6	insertions	2	3.07300948115615e-07
O1MA-O2MA	MA587	MA587.38	147	22137	1	substitutions	45	6.91427133260134e-06
O1MA-O2MA	MA587	MA587.38	147	22137	2	substitutions	7	1.07555331840465e-06
O1MA-O2MA	MA587	MA587.38	147	22137	4	substitutions	1	1.53650474057808e-07
O1MA-O2MA	MA587	MA587.38	147	22137	6	substitutions	3	4.60951422173423e-07
O1MA-O2MA	MA587	MA587.43	148	22620	1	deletions	101	1.50847133605754e-05
O1MA-O2MA	MA587	MA587.43	148	22620	2	deletions	8	1.19482878103568e-06
O1MA-O2MA	MA587	MA587.43	148	22620	1	insertions	137	2.0461442875236e-05
O1MA-O2MA	MA587	MA587.43	148	22620	2	insertions	34	5.07802231940163e-06
O1MA-O2MA	MA587	MA587.43	148	22620	3	insertions	9	1.34418237866514e-06
O1MA-O2MA	MA587	MA587.43	148	22620	4	insertions	2	2.98707195258919e-07
O1MA-O2MA	MA587	MA587.43	148	22620	5	insertions	1	1.4935359762946e-07
O1MA-O2MA	MA587	MA587.43	148	22620	6	insertions	2	2.98707195258919e-07
O1MA-O2MA	MA587	MA587.43	148	22620	1	substitutions	44	6.57155829569623e-06
O1MA-O2MA	MA587	MA587.43	148	22620	2	substitutions	9	1.34418237866514e-06
O1MA-O2MA	MA587	MA587.43	148	22620	6	substitutions	2	2.98707195258919e-07
O1MA-O2MA	MA587	MA587.48	147	22606	1	deletions	106	1.59490497074704e-05
O1MA-O2MA	MA587	MA587.48	147	22606	2	deletions	8	1.20370186471474e-06
O1MA-O2MA	MA587	MA587.48	147	22606	6	deletions	1	1.50462733089343e-07
O1MA-O2MA	MA587	MA587.48	147	22606	1	insertions	136	2.04629317001506e-05
O1MA-O2MA	MA587	MA587.48	147	22606	2	insertions	34	5.11573292503766e-06
O1MA-O2MA	MA587	MA587.48	147	22606	3	insertions	9	1.35416459780409e-06
O1MA-O2MA	MA587	MA587.48	147	22606	4	insertions	2	3.00925466178686e-07
O1MA-O2MA	MA587	MA587.48	147	22606	5	insertions	1	1.50462733089343e-07
O1MA-O2MA	MA587	MA587.48	147	22606	6	insertions	3	4.51388199268029e-07
O1MA-O2MA	MA587	MA587.48	147	22606	1	substitutions	43	6.46989752284175e-06
O1MA-O2MA	MA587	MA587.48	147	22606	2	substitutions	8	1.20370186471474e-06
O1MA-O2MA	MA587	MA587.48	147	22606	6	substitutions	3	4.51388199268029e-07
O1MA-O2MA	MA504	MA504.03	145	24567	1	deletions	59	8.28136426352705e-06
O1MA-O2MA	MA504	MA504.03	145	24567	2	deletions	8	1.1228968492918e-06
O1MA-O2MA	MA504	MA504.03	145	24567	5	deletions	1	1.40362106161475e-07
O1MA-O2MA	MA504	MA504.03	145	24567	6	deletions	1	1.40362106161475e-07
O1MA-O2MA	MA504	MA504.03	145	24567	1	insertions	79	1.10886063867566e-05
O1MA-O2MA	MA504	MA504.03	145	24567	2	insertions	7	9.82534743130328e-07
O1MA-O2MA	MA504	MA504.03	145	24567	5	insertions	1	1.40362106161475e-07
O1MA-O2MA	MA504	MA504.03	145	24567	1	substitutions	27	3.78977686635984e-06
O1MA-O2MA	MA504	MA504.03	145	24567	2	substitutions	3	4.21086318484426e-07
O1MA-O2MA	MA504	MA504.03	145	24567	3	substitutions	1	1.40362106161475e-07
O1MA-O2MA	MA504	MA504.1	143	24603	1	deletions	53	7.53219872839431e-06
O1MA-O2MA	MA504	MA504.1	143	24603	2	deletions	4	5.68467828558061e-07
O1MA-O2MA	MA504	MA504.1	143	24603	3	deletions	2	2.84233914279031e-07
O1MA-O2MA	MA504	MA504.1	143	24603	6	deletions	1	1.42116957139515e-07
O1MA-O2MA	MA504	MA504.1	143	24603	1	insertions	85	1.20799413568588e-05
O1MA-O2MA	MA504	MA504.1	143	24603	2	insertions	7	9.94818699976608e-07
O1MA-O2MA	MA504	MA504.1	143	24603	5	insertions	1	1.42116957139515e-07
O1MA-O2MA	MA504	MA504.1	143	24603	1	substitutions	32	4.54774262846449e-06
O1MA-O2MA	MA504	MA504.1	143	24603	2	substitutions	3	4.26350871418546e-07
O1MA-O2MA	MA504	MA504.1	143	24603	6	substitutions	1	1.42116957139515e-07
O1MA-O2MA	MA504	MA504.15	147	23392	1	deletions	79	1.14871530007352e-05
O1MA-O2MA	MA504	MA504.15	147	23392	2	deletions	13	1.89029100012098e-06
O1MA-O2MA	MA504	MA504.15	147	23392	3	deletions	3	4.36221000027918e-07
O1MA-O2MA	MA504	MA504.15	147	23392	1	insertions	71	1.03238970006607e-05
O1MA-O2MA	MA504	MA504.15	147	23392	2	insertions	6	8.72442000055836e-07
O1MA-O2MA	MA504	MA504.15	147	23392	1	substitutions	32	4.65302400029779e-06
O1MA-O2MA	MA504	MA504.15	147	23392	2	substitutions	2	2.90814000018612e-07
O1MA-O2MA	MA504	MA504.23	146	24513	1	deletions	68	9.50013104592531e-06
O1MA-O2MA	MA504	MA504.23	146	24513	2	deletions	16	2.23532495198243e-06
O1MA-O2MA	MA504	MA504.23	146	24513	1	insertions	127	1.77428918063605e-05
O1MA-O2MA	MA504	MA504.23	146	24513	2	insertions	9	1.25737028549011e-06
O1MA-O2MA	MA504	MA504.23	146	24513	3	insertions	1	1.39707809498902e-07
O1MA-O2MA	MA504	MA504.23	146	24513	5	insertions	1	1.39707809498902e-07
O1MA-O2MA	MA504	MA504.23	146	24513	1	substitutions	36	5.02948114196046e-06
O1MA-O2MA	MA504	MA504.23	146	24513	2	substitutions	5	6.98539047494508e-07
O1MA-O2MA	MA504	MA504.23	146	24513	3	substitutions	1	1.39707809498902e-07
O1MA-O2MA	MA504	MA504.23	146	24513	4	substitutions	1	1.39707809498902e-07
O1MA-O2MA	MA504	MA504.23	146	24513	6	substitutions	1	1.39707809498902e-07
O1MA-O2MA	MA504	MA504.3	143	24668	1	deletions	65	9.21326119964031e-06
O1MA-O2MA	MA504	MA504.3	143	24668	2	deletions	12	1.7009097599336e-06
O1MA-O2MA	MA504	MA504.3	143	24668	6	deletions	1	1.41742479994466e-07
O1MA-O2MA	MA504	MA504.3	143	24668	1	insertions	89	1.26150807195075e-05
O1MA-O2MA	MA504	MA504.3	143	24668	2	insertions	4	5.66969919977866e-07
O1MA-O2MA	MA504	MA504.3	143	24668	1	substitutions	26	3.68530447985613e-06
O1MA-O2MA	MA504	MA504.3	143	24668	2	substitutions	3	4.25227439983399e-07
O1MA-O2MA	MA504	MA504.3	143	24668	3	substitutions	3	4.25227439983399e-07
O1MA-O2MA	MA504	MA504.3	143	24668	4	substitutions	2	2.83484959988933e-07
O1MA-O2MA	MA504	MA504.3	143	24668	6	substitutions	1	1.41742479994466e-07
O1MA-O2MA	MA508	MA508.25	139	24231	1	deletions	63	9.35242891485994e-06
O1MA-O2MA	MA508	MA508.25	139	24231	2	deletions	10	1.48451252616824e-06
O1MA-O2MA	MA508	MA508.25	139	24231	3	deletions	2	2.96902505233649e-07
O1MA-O2MA	MA508	MA508.25	139	24231	4	deletions	1	1.48451252616824e-07
O1MA-O2MA	MA508	MA508.25	139	24231	1	insertions	126	1.87048578297199e-05
O1MA-O2MA	MA508	MA508.25	139	24231	2	insertions	6	8.90707515700947e-07
O1MA-O2MA	MA508	MA508.25	139	24231	5	insertions	1	1.48451252616824e-07
O1MA-O2MA	MA508	MA508.25	139	24231	6	insertions	1	1.48451252616824e-07
O1MA-O2MA	MA508	MA508.25	139	24231	1	substitutions	30	4.45353757850473e-06
O1MA-O2MA	MA508	MA508.25	139	24231	2	substitutions	1	1.48451252616824e-07
O1MA-O2MA	MA508	MA508.25	139	24231	3	substitutions	1	1.48451252616824e-07
O1MA-O2MA	MA508	MA508.25	139	24231	4	substitutions	1	1.48451252616824e-07
O1MA-O2MA	MA508	MA508.3	146	23004	1	deletions	91	1.35473759179464e-05
O1MA-O2MA	MA508	MA508.3	146	23004	2	deletions	13	1.93533941684948e-06
O1MA-O2MA	MA508	MA508.3	146	23004	3	deletions	2	2.97744525669151e-07
O1MA-O2MA	MA508	MA508.3	146	23004	4	deletions	1	1.48872262834576e-07
O1MA-O2MA	MA508	MA508.3	146	23004	6	deletions	1	1.48872262834576e-07
O1MA-O2MA	MA508	MA508.3	146	23004	1	insertions	104	1.54827153347959e-05
O1MA-O2MA	MA508	MA508.3	146	23004	2	insertions	5	7.44361314172878e-07
O1MA-O2MA	MA508	MA508.3	146	23004	5	insertions	2	2.97744525669151e-07
O1MA-O2MA	MA508	MA508.3	146	23004	6	insertions	2	2.97744525669151e-07
O1MA-O2MA	MA508	MA508.3	146	23004	1	substitutions	33	4.91278467354099e-06
O1MA-O2MA	MA508	MA508.3	146	23004	2	substitutions	2	2.97744525669151e-07
O1MA-O2MA	MA508	MA508.3	146	23004	4	substitutions	1	1.48872262834576e-07
O1MA-O2MA	MA508	MA508.3	146	23004	6	substitutions	1	1.48872262834576e-07
O1MA-O2MA	MA508	MA508.34	139	23295	1	deletions	81	1.25077015013874e-05
O1MA-O2MA	MA508	MA508.34	139	23295	2	deletions	18	2.77948922253054e-06
O1MA-O2MA	MA508	MA508.34	139	23295	3	deletions	4	6.17664271673453e-07
O1MA-O2MA	MA508	MA508.34	139	23295	1	insertions	109	1.68313514031016e-05
O1MA-O2MA	MA508	MA508.34	139	23295	2	insertions	4	6.17664271673453e-07
O1MA-O2MA	MA508	MA508.34	139	23295	6	insertions	1	1.54416067918363e-07
O1MA-O2MA	MA508	MA508.34	139	23295	1	substitutions	27	4.16923383379581e-06
O1MA-O2MA	MA508	MA508.34	139	23295	2	substitutions	2	3.08832135836727e-07
O1MA-O2MA	MA508	MA508.34	139	23295	3	substitutions	2	3.08832135836727e-07
O1MA-O2MA	MA508	MA508.34	139	23295	6	substitutions	1	1.54416067918363e-07
O1MA-O2MA	MA508	MA508.35	136	23475	1	deletions	82	1.28421975819082e-05
O1MA-O2MA	MA508	MA508.35	136	23475	2	deletions	15	2.3491824844954e-06
O1MA-O2MA	MA508	MA508.35	136	23475	3	deletions	2	3.13224331266053e-07
O1MA-O2MA	MA508	MA508.35	136	23475	4	deletions	1	1.56612165633026e-07
O1MA-O2MA	MA508	MA508.35	136	23475	1	insertions	113	1.7697174716532e-05
O1MA-O2MA	MA508	MA508.35	136	23475	2	insertions	10	1.56612165633026e-06
O1MA-O2MA	MA508	MA508.35	136	23475	1	substitutions	44	6.89093528785316e-06
O1MA-O2MA	MA508	MA508.35	136	23475	2	substitutions	2	3.13224331266053e-07
O1MA-O2MA	MA508	MA508.37	136	22466	1	deletions	98	1.60373060467844e-05
O1MA-O2MA	MA508	MA508.37	136	22466	2	deletions	12	1.96375176083075e-06
O1MA-O2MA	MA508	MA508.37	136	22466	3	deletions	2	3.27291960138458e-07
O1MA-O2MA	MA508	MA508.37	136	22466	4	deletions	1	1.63645980069229e-07
O1MA-O2MA	MA508	MA508.37	136	22466	6	deletions	3	4.90937940207686e-07
O1MA-O2MA	MA508	MA508.37	136	22466	1	insertions	85	1.39099083058844e-05
O1MA-O2MA	MA508	MA508.37	136	22466	5	insertions	1	1.63645980069229e-07
O1MA-O2MA	MA508	MA508.37	136	22466	1	substitutions	21	3.4365655814538e-06
O1MA-O2MA	MA547	MA547.06	142	24448	1	deletions	58	8.35345844701718e-06
O1MA-O2MA	MA547	MA547.06	142	24448	2	deletions	8	1.15220116510582e-06
O1MA-O2MA	MA547	MA547.06	142	24448	3	deletions	1	1.44025145638227e-07
O1MA-O2MA	MA547	MA547.06	142	24448	1	insertions	93	1.33943385443551e-05
O1MA-O2MA	MA547	MA547.06	142	24448	2	insertions	6	8.64150873829364e-07
O1MA-O2MA	MA547	MA547.06	142	24448	1	substitutions	31	4.46477951478505e-06
O1MA-O2MA	MA547	MA547.06	142	24448	2	substitutions	2	2.88050291276455e-07
O1MA-O2MA	MA547	MA547.06	142	24448	3	substitutions	1	1.44025145638227e-07
O1MA-O2MA	MA547	MA547.06	142	24448	4	substitutions	1	1.44025145638227e-07
O1MA-O2MA	MA547	MA547.18	143	24651	1	deletions	48	6.80833101424558e-06
O1MA-O2MA	MA547	MA547.18	143	24651	2	deletions	11	1.56024252409795e-06
O1MA-O2MA	MA547	MA547.18	143	24651	3	deletions	1	1.4184022946345e-07
O1MA-O2MA	MA547	MA547.18	143	24651	1	insertions	84	1.19145792749298e-05
O1MA-O2MA	MA547	MA547.18	143	24651	2	insertions	7	9.92881606244147e-07
O1MA-O2MA	MA547	MA547.18	143	24651	1	substitutions	25	3.54600573658624e-06
O1MA-O2MA	MA547	MA547.18	143	24651	2	substitutions	2	2.83680458926899e-07
O1MA-O2MA	MA547	MA547.18	143	24651	3	substitutions	1	1.4184022946345e-07
O1MA-O2MA	MA547	MA547.18	143	24651	4	substitutions	1	1.4184022946345e-07
O1MA-O2MA	MA547	MA547.33	142	23994	1	deletions	81	1.1886774510529e-05
O1MA-O2MA	MA547	MA547.33	142	23994	2	deletions	8	1.17400242079299e-06
O1MA-O2MA	MA547	MA547.33	142	23994	3	deletions	2	2.93500605198248e-07
O1MA-O2MA	MA547	MA547.33	142	23994	1	insertions	94	1.37945284443177e-05
O1MA-O2MA	MA547	MA547.33	142	23994	2	insertions	7	1.02725211819387e-06
O1MA-O2MA	MA547	MA547.33	142	23994	1	substitutions	37	5.42976119616759e-06
O1MA-O2MA	MA547	MA547.33	142	23994	2	substitutions	3	4.40250907797372e-07
O1MA-O2MA	MA547	MA547.33	142	23994	3	substitutions	1	1.46750302599124e-07
O1MA-O2MA	MA547	MA547.33	142	23994	4	substitutions	1	1.46750302599124e-07
O1MA-O2MA	MA547	MA547.33	142	23994	6	substitutions	4	5.87001210396496e-07
O1MA-O2MA	MA547	MA547.44	142	22952	1	deletions	89	1.36537243678172e-05
O1MA-O2MA	MA547	MA547.44	142	22952	2	deletions	18	2.7614274002327e-06
O1MA-O2MA	MA547	MA547.44	142	22952	3	deletions	1	1.53412633346261e-07
O1MA-O2MA	MA547	MA547.44	142	22952	1	insertions	102	1.56480886013186e-05
O1MA-O2MA	MA547	MA547.44	142	22952	2	insertions	3	4.60237900038783e-07
O1MA-O2MA	MA547	MA547.44	142	22952	1	substitutions	53	8.13086956735183e-06
O1MA-O2MA	MA547	MA547.44	142	22952	2	substitutions	8	1.22730106677009e-06
O1MA-O2MA	MA547	MA547.44	142	22952	3	substitutions	2	3.06825266692522e-07
O1MA-O2MA	MA547	MA547.44	142	22952	4	substitutions	1	1.53412633346261e-07
O1MA-O2MA	MA547	MA547.44	142	22952	6	substitutions	1	1.53412633346261e-07
O1MA-O2MA	MA550	MA550.02	138	23636	1	deletions	60	9.19746591419132e-06
O1MA-O2MA	MA550	MA550.02	138	23636	2	deletions	12	1.83949318283826e-06
O1MA-O2MA	MA550	MA550.02	138	23636	3	deletions	1	1.53291098569855e-07
O1MA-O2MA	MA550	MA550.02	138	23636	6	deletions	1	1.53291098569855e-07
O1MA-O2MA	MA550	MA550.02	138	23636	1	insertions	81	1.24165789841583e-05
O1MA-O2MA	MA550	MA550.02	138	23636	2	insertions	6	9.19746591419132e-07
O1MA-O2MA	MA550	MA550.02	138	23636	1	substitutions	33	5.05860625280523e-06
O1MA-O2MA	MA550	MA550.02	138	23636	2	substitutions	3	4.59873295709566e-07
O1MA-O2MA	MA550	MA550.02	138	23636	3	substitutions	3	4.59873295709566e-07
O1MA-O2MA	MA550	MA550.02	138	23636	6	substitutions	1	1.53291098569855e-07
O1MA-O2MA	MA550	MA550.2	142	24287	1	deletions	43	6.2341355747612e-06
O1MA-O2MA	MA550	MA550.2	142	24287	2	deletions	5	7.24899485437349e-07
O1MA-O2MA	MA550	MA550.2	142	24287	4	deletions	1	1.4497989708747e-07
O1MA-O2MA	MA550	MA550.2	142	24287	1	insertions	79	1.14534118699101e-05
O1MA-O2MA	MA550	MA550.2	142	24287	2	insertions	8	1.15983917669976e-06
O1MA-O2MA	MA550	MA550.2	142	24287	6	insertions	1	1.4497989708747e-07
O1MA-O2MA	MA550	MA550.2	142	24287	1	substitutions	35	5.07429639806145e-06
O1MA-O2MA	MA550	MA550.2	142	24287	2	substitutions	5	7.24899485437349e-07
O1MA-O2MA	MA550	MA550.2	142	24287	3	substitutions	3	4.3493969126241e-07
O1MA-O2MA	MA550	MA550.2	142	24287	6	substitutions	2	2.8995979417494e-07
O1MA-O2MA	MA550	MA550.22	136	23800	1	deletions	60	9.268413247652e-06
O1MA-O2MA	MA550	MA550.22	136	23800	2	deletions	9	1.3902619871478e-06
O1MA-O2MA	MA550	MA550.22	136	23800	3	deletions	2	3.08947108255067e-07
O1MA-O2MA	MA550	MA550.22	136	23800	1	insertions	80	1.23578843302027e-05
O1MA-O2MA	MA550	MA550.22	136	23800	2	insertions	8	1.23578843302027e-06
O1MA-O2MA	MA550	MA550.22	136	23800	1	substitutions	34	5.25210084033613e-06
O1MA-O2MA	MA550	MA550.22	136	23800	2	substitutions	1	1.54473554127533e-07
O1MA-O2MA	MA550	MA550.22	136	23800	3	substitutions	3	4.634206623826e-07
O1MA-O2MA	MA550	MA550.22	136	23800	6	substitutions	1	1.54473554127533e-07
O1MA-O2MA	MA550	MA550.36	138	23392	1	deletions	63	9.75807410932017e-06
O1MA-O2MA	MA550	MA550.36	138	23392	2	deletions	18	2.78802117409148e-06
O1MA-O2MA	MA550	MA550.36	138	23392	3	deletions	1	1.54890065227304e-07
O1MA-O2MA	MA550	MA550.36	138	23392	4	deletions	2	3.09780130454609e-07
O1MA-O2MA	MA550	MA550.36	138	23392	1	insertions	62	9.60318404409287e-06
O1MA-O2MA	MA550	MA550.36	138	23392	2	insertions	2	3.09780130454609e-07
O1MA-O2MA	MA550	MA550.36	138	23392	5	insertions	1	1.54890065227304e-07
O1MA-O2MA	MA550	MA550.36	138	23392	6	insertions	1	1.54890065227304e-07
O1MA-O2MA	MA550	MA550.36	138	23392	1	substitutions	33	5.11137215250104e-06
O1MA-O2MA	MA550	MA550.36	138	23392	2	substitutions	4	6.19560260909217e-07
O1MA-O2MA	MA550	MA550.36	138	23392	3	substitutions	3	4.64670195681913e-07
O1MA-O2MA	MA550	MA550.36	138	23392	6	substitutions	2	3.09780130454609e-07
O1MA-O2MA	MA550	MA550.41	138	23796	1	deletions	52	7.91754064134515e-06
O1MA-O2MA	MA550	MA550.41	138	23796	2	deletions	13	1.97938516033629e-06
O1MA-O2MA	MA550	MA550.41	138	23796	4	deletions	1	1.52260396948945e-07
O1MA-O2MA	MA550	MA550.41	138	23796	6	deletions	1	1.52260396948945e-07
O1MA-O2MA	MA550	MA550.41	138	23796	1	insertions	76	1.15717901681198e-05
O1MA-O2MA	MA550	MA550.41	138	23796	2	insertions	10	1.52260396948945e-06
O1MA-O2MA	MA550	MA550.41	138	23796	1	substitutions	35	5.32911389321308e-06
O1MA-O2MA	MA550	MA550.41	138	23796	2	substitutions	3	4.56781190846836e-07
O1MA-O2MA	MA550	MA550.41	138	23796	3	substitutions	1	1.52260396948945e-07
O1MA-O2MA	MA550	MA550.41	138	23796	6	substitutions	3	4.56781190846836e-07
